Имя,Фамилия,Должность,Email,Телефон,Компания,Отчество,компания_в_письме,site,уровень_контакта,вариант_письма_1,обращаться_по_имени,должность_в_письме,сегмент_ЛПР,источник_имени,дата_источника_имени,email_отдела,contact_role,email_source,тип_адреса,валидация,дата_проверки,вертикаль,segment,sales_signal,тип_триггера,приоритет,город,регион_группа,часовой_пояс,Персонализация,Источник,Гипотеза_боли,Проверка_соответствия,Комментарий,примечание
Мария,Оленникова,Директор по маркетингу,om@solvo.ru,+7 (812) 606-05-55,СОЛВО (ООО «СОЛВО»),,СОЛВО,https://solvo.ru,А,в,да,директор по маркетингу,маркетинг,https://solvo.ru,страница без даты,,Директор по маркетингу — именной,https://solvo.ru,именной (у ЛПР),"синтаксис: да · MX: да · опубликован на сайте: да · живость ящика: не проверялась, перед запуском — валидатор",2026-10-04,B2B SaaS,B2B SaaS: B2B-ПО (вендор) — WMS и TOS для складов и терминалов,"«Поможем автоматизировать терминал, склад или грузовой двор» — https://solvo.ru",выставка,B,Санкт-Петербург,Санкт-Петербург,МСК,"Увидели, что 16 сентября 2026 на выставке CeMAT RUSSIA вы провели свою кейс-сессию о роботизации складов, маркировке и интеллектуальном управлении процессами.",https://www.solvo.ru/about/press/podvodim-itogi-cemat-russia-2026/,"Предполагаем, что на демо записываются те, кто уже ищет решение, а до остальных продажи не дотягиваются.",OK,"вычитка: заменено вручную — скрипт взял справочную статью блога об инвентаризации от 02.10.2026, это не событие компании; директору по маркетингу ближе собственная кейс-сессия компании на отраслевой выставке | основание: «22 сентября 2026» … «С 15 по 17 сентября в Москве прошла 16-ая международная выставка складской индустрии СеМАТ RUSSIA 2026.» … «16 сентября в рамках СеМАТ RUSSIA состоялась кейс-сессия «Солво», посвящённая теме «Склад будущего уже работает: роботизация, маркировка и интеллектуальное управление процессами».» | источник: https://www.solvo.ru/about/press/podvodim-itogi-cemat-russia-2026/ | дата факта на странице: 16.09.2026 (новость опубликована 22.09.2026) | вариант скрипта: «Увидели, что вы 2 октября 2026 опубликовали материал об инвентаризации на складе: порядок проведения, документы и работа с расхождениями.»","адрес из инициалов (om@), напечатан в блоке «Для прессы»; на сайте 250+ сотрудников"
Владимир,Манеров,Исполнительный директор,v.manerov@teamly.ru,+7 938 299 9787,TEAMLY,,TEAMLY,https://teamly.ru,А,в,да,исполнительный директор,первое лицо,https://teamly.ru/contacts/,страница без даты,,Исполнительный директор — именной,https://teamly.ru/contacts/,именной (у ЛПР),"синтаксис: да · MX: да · опубликован на сайте: да · живость ящика: не проверялась, перед запуском — валидатор",2026-10-04,B2B SaaS,B2B SaaS: корпоративная база знаний,"Кнопка «Записаться на демо», партнёрская программа — https://teamly.ru/",события нет,B,Москва,Москва и МО,МСК,"Увидели на сайте, что 24 сентября 2026 вы провели бесплатный вебинар о подготовке бизнеса к внедрению корпоративного ИИ и агентов.",https://teamly.ru/events/,"Предполагаем, что на демо записываются те, кто уже ищет решение, а до остальных продажи не дотягиваются.",OK,"вычитка: сверено со страницей-источником, оставлено как у скрипта — вебинар прошёл 9 дней назад (у записи пометка «Архив»), тема — продуктовая; весенний релиз 2026 из прошлой вычитки тоже верен, но старше | основание: «Корпоративный ИИ и агенты: как подготовить бизнес к внедрению без хаоса, утечек и бессмысленных пилотов» … «Бесплатный вебинар 24 сентября | 2026» | источник: https://teamly.ru/events/ | дата факта на странице: 24.09.2026 | вариант скрипта: «Увидели на сайте, что 24 сентября 2026 вы провели бесплатный вебинар о подготовке бизнеса к внедрению корпоративного ИИ и агентов.»",телефон — общий номер из шапки сайта
Пётр,Дзюба,Генеральный директор,p.dzyuba@integrus.ru,+7 (812) 507-60-67,Интегрус (ООО «Интегрус»),,Интегрус,https://integrus.ru,А,в,да,генеральный директор,первое лицо,https://integrus.ru/kontakty,страница без даты,,Генеральный директор — именной,https://integrus.ru/kontakty,именной (у ЛПР),"синтаксис: да · MX: да · опубликован на сайте: да · живость ящика: не проверялась, перед запуском — валидатор",2026-10-04,Интеграторы и автоматизация,Интеграторы и автоматизация: ИТ-аутсорсинг и системная интеграция для бизнеса,«Предоставляемые нами IT-решения нацелены на реализацию полного потенциала информационной системы организации (предприятия).» — https://integrus.ru,события нет,B,Санкт-Петербург,Санкт-Петербург,МСК,"Увидели на сайте, что вы создали и внедрили для «Присмианрус», производителя кабельной продукции, блок адресного хранения на складе и выпуска продукции на основе штрих-кодирования.",https://integrus.ru/about,"Предполагаем, что проекты идут от вендора и из рейтингов, а напрямую заказчикам никто не пишет.",OK,"вычитка: факт скрипта, поправлена формулировка — скрипт выбросил «и выпуска продукции»; дат на сайте нет (блог без дат — справочные статьи), кейс стоит в списке «Проекты 1С» на странице «О нас» | основание: «ООО «Присмианрус» (производство кабельной продукции) — создание и внедрение блока адресного хранения на складе и выпуска продукции на основе технологии штрих-кодирования» | источник: https://integrus.ru/about | без даты: кейс из списка проектов на странице «О нас», год проекта не указан | вариант скрипта: «Увидели на сайте, что вы создали и внедрили для ООО «Присмианрус», производителя кабельной продукции, блок адресного хранения на складе на основе штрих-кодирования.»",
Михаил,Пальцев,Генеральный директор,paltsev@rosintelcom.ru,+7 (4872) 70-41-71,Интелком (ООО «Интелком»),Витальевич,Интелком,https://rosintelcom.ru,А,в,да,генеральный директор,первое лицо,https://rosintelcom.ru/contacts/,страница без даты,,Генеральный директор — именной,https://rosintelcom.ru/contacts/,именной (у ЛПР),"синтаксис: да · MX: да · опубликован на сайте: да · живость ящика: не проверялась, перед запуском — валидатор",2026-10-04,Интеграторы и автоматизация,Интеграторы и автоматизация: интегратор информационной безопасности,«Специалисты компании с радостью ответят на ваши вопросы и произведут расчет стоимости услуг и подготовят индивидуальное коммерческое предложение.» — https://rosintelcom.ru,события нет,B,Тула,регионы,МСК,"Увидели на сайте, что вы с 2009 года работаете на рынке информационной безопасности, а доверяют вам правительства Московской, Тульской и Брянской областей.",https://www.rosintelcom.ru/,"Предполагаем, что проекты идут от вендора и из рейтингов, а напрямую заказчикам никто не пишет.",OK,"вычитка: заменено вручную — скрипт взял новость от 19.06.2025 о сертификатах ФСБ для ViPNet Client 4U: это пресс-релиз вендора «ИнфоТеКС», а не событие самой компании, и ему больше года; предыдущая запись в ленте — от 18.03.2020. Генеральному директору взяты стаж компании и её заказчики | основание: «ООО «Интелком» работает на рынке информационной безопасности с 2009 года.» … «Нам доверяют: Правительство Московской области, Правительство Тульской области, Правительство Брянской области» | источник: https://www.rosintelcom.ru/ | без даты: действующие сведения с главной страницы | вариант скрипта: «Увидели на сайте, что вы в июне 2025 года опубликовали новость о получении сертификатов ФСБ России для ViPNet Client 4U.»",сайт обновляется редко: последняя новость 06.2025
Леонид,Павлов,"Руководитель отдела продаж, специалист по тендерам",pavlov@gensmeta.ru,+7 (495) 540-50-65,Дженерал Смета (ООО «Дженерал Смета»),Викторович,Дженерал Смета,https://gensmeta.ru,А,в,да,руководитель отдела продаж,продажи,https://gensmeta.ru/about/nashi-sotrudniki.html,страница без даты,,"Руководитель отдела продаж, специалист по тендерам — именной",https://gensmeta.ru/about/nashi-sotrudniki.html,именной (у ЛПР),"синтаксис: да · MX: да · опубликован на сайте: да · живость ящика: не проверялась, перед запуском — валидатор",2026-10-04,Интеграторы и автоматизация,"Интеграторы и автоматизация: B2B-ПО — поставка и сопровождение сметных программ (Smeta.RU), обучение сметчиков","«Официальный сайт ООО ""Дженерал Смета"" - эксперта по сопровождению сметных отделов» — https://gensmeta.ru",события нет,B,Москва,Москва и МО,МСК,"Увидели на сайте, что вы 29 сентября 2026 предложили клиентам заказать дополнение №83 для ТСН-2001 ГАУ «Мосгосэкспертиза» к программе Smeta.RU.",https://general-smeta.ru/news.html,"Предполагаем, что проекты идут от вендора и из рейтингов, а напрямую заказчикам никто не пишет.",OK,"вычитка: факт скрипта, поправлена формулировка — у скрипта «опубликовали новость о дополнении…, доступном для заказа»; сказано проще и добавлено, к какой программе дополнение. Руководителю отдела продаж это новая позиция для продажи; других новостей о самой компании на сайте нет — лента состоит из обновлений программ | основание: «Категория: Новости ПК «Smeta.RU» Опубликовано: 29 Сентября 2026» … «Заказывайте дополнение №83 для ТСН-2001 ГАУ «Мосгосэкспертиза»» | источник: https://general-smeta.ru/news.html | дата факта на странице: 29.09.2026 | вариант скрипта: «Увидели на сайте, что вы 29 сентября 2026 опубликовали новость о дополнении №83 для ТСН-2001 ГАУ «Мосгосэкспертиза», доступном для заказа.»",
Леонид,Бондаренко,Генеральный директор,bondarenko@secretgroup.ru,+7 (495) 109-29-50,Сикрет Технолоджис (ООО «Сикрет Технолоджис»),Григорьевич,Сикрет Технолоджис,https://secretgroup.ru,А,в,да,генеральный директор,первое лицо,https://secretgroup.ru/rukovodstvo/,страница без даты,,Генеральный директор — именной,https://secretgroup.ru/rukovodstvo/,именной (у ЛПР),"синтаксис: да · MX: да · опубликован на сайте: да · живость ящика: не проверялась, перед запуском — валидатор",2026-10-04,Интеграторы и автоматизация,Интеграторы и автоматизация: интегратор информационной безопасности и ИТ-инфраструктуры,"«Нам доверяют крупнейшие государственные компании, предприятия нефтегазовой отрасли, промышленные предприятия, банки и коммерческие компании.» — https://secretgroup.ru",события нет,B,Москва,Москва и МО,МСК,"Увидели, что в июле 2026 вы вместе с F6 интегрировали Secret Cloud Enterprise с её «песочницей», чтобы автоматически блокировать скрытое вредоносное ПО при обмене документами.",https://secretgroup.ru/news/,"Предполагаем, что проекты идут от вендора и из рейтингов, а напрямую заказчикам никто не пишет.",OK,"вычитка: факт скрипта, поправлена формулировка — у скрипта безличное «Secret Cloud Enterprise интегрировали»; сказано от «вы» и названо, что интеграция сделана вместе с F6. Это последняя запись в ленте; генеральному директору — технологическое партнёрство компании | основание: «Обмен файлами без угроз: Secret Cloud Enterprise интегрирован с «песочницей» F6» … «30.07.2026» … «Secret Technologies и компания F6 объединили технологии защищенного файлового сервиса и продвинутой «песочницы», чтобы автоматически блокировать скрытое вредоносное ПО при корпоративном обмене документами.» | источник: https://secretgroup.ru/news/ | дата факта на странице: 30.07.2026 | вариант скрипта: «Увидели, что в июле 2026 года Secret Cloud Enterprise интегрировали с «песочницей» F6 для автоматической блокировки скрытого вредоносного ПО при обмене документами.»",
Екатерина,Егорова,Начальник отдела подготовки предложений и маркетинга,egorova_en@igrids.ru,,iGrids,Николаевна,iGrids,https://igrids.ru,А,в,да,начальник отдела,маркетинг,https://igrids.ru/company/staff/,страница без даты,,Начальник отдела подготовки предложений и маркетинга — именной,https://igrids.ru/company/staff/,именной (у ЛПР),"синтаксис: да · MX: да · опубликован на сайте: да · живость ящика: не проверялась, перед запуском — валидатор",2026-10-04,Интеграторы и автоматизация,"Интеграторы и автоматизация: информационная безопасность для электроэнергетики (проектирование, разработка, внедрение)","«Мы – iGrids, более 8 лет оказываем услуги по проектированию, разработке и внедрению решений для обеспечения информационной безопасности в электроэнергетической отрасли.» — https://igrids.ru",события нет,B,Чебоксары,регионы,МСК,"Увидели на сайте, что вы в ноябре 2025 года сообщили об успешных испытаниях платформы «Anomaly Forge» в своей лаборатории на реальном трафике цифровых подстанций.",https://igrids.ru/news/proekt-anomaly-forge/,"Предполагаем, что проекты идут от вендора и из рейтингов, а напрямую заказчикам никто не пишет.",OK,"вычитка: факт скрипта, поправлена формулировка — у скрипта «опубликовали новость о проекте» без сути; в новости — испытания в лаборатории iGrids. Это последняя запись в ленте сайта | основание: «17.11.2025» … «Проект «Anomaly Forge» успешно прошел испытания в испытательной лаборатории компании iGrids» … «обработки реального сетевого трафика цифровых подстанций» | источник: https://igrids.ru/news/proekt-anomaly-forge/ | дата факта на странице: 17.11.2025 (дата новости, последняя в ленте) | вариант скрипта: «Увидели на сайте, что 17 ноября 2025 года вы опубликовали новость о проекте «Anomaly Forge».»",телефон не записан: на сайте только мобильный
Сергей,Андреев,Руководитель отдела (Корпоративный отдел),as@vkorpe.ru,+7 (812) 244 27 17,Vkorpe (ООО «Вкорпе»),Сергеевич,Vkorpe,https://vkorpe.ru,А,в,да,руководитель отдела,продажи,https://vkorpe.ru/team/,страница без даты,,Руководитель отдела (Корпоративный отдел) — именной,https://vkorpe.ru/team/,именной (у ЛПР),"синтаксис: да · MX: да · опубликован на сайте: да · живость ящика: не проверялась, перед запуском — валидатор",2026-10-04,Интеграторы и автоматизация,"Интеграторы и автоматизация: системный интегратор, корпоративные поставки ИТ-оборудования и ПО",«Корпоративные поставки оборудования и программного обеспечения» — https://vkorpe.ru,события нет,B,Санкт-Петербург,Санкт-Петербург,МСК,"Увидели на сайте, что вы работаете с более чем 4000 постоянных заказчиков и выиграли больше 1000 торгов.",https://vkorpe.ru/,"Предполагаем, что проекты идут от вендора и из рейтингов, а напрямую заказчикам никто не пишет.",OK,"вычитка: заменено вручную — статус Eurolan получен 14.04.2025, это полтора года назад; свежее в блоге только описание продукта вендора (08.07.2026). Руководителю корпоративного отдела продаж ближе текущие цифры по заказчикам и торгам | основание: «> 1000 торгов выиграно» … «> 4000 постоянных заказчиков» | источник: https://vkorpe.ru/ | без даты: текущие счётчики на главной странице | вариант скрипта: «Увидели, что в апреле 2025 года вы получили партнёрский статус Eurolan как авторизованный проектировщик и установщик СКС.»","адрес из инициалов (as@), дан ссылкой в карточке; на странице «О компании» должность — руководитель корпоративного отдела продаж"
Александр,Газизулин,Генеральный директор,gam@amcad.ru,+7 (351) 239-82-63,АМКАД,,АМКАД,https://amcad.ru,А,в,да,генеральный директор,первое лицо,https://amcad.ru/company/staff/,страница без даты,,Генеральный директор — именной,https://amcad.ru/company/staff/,именной (у ЛПР),"синтаксис: да · MX: да · опубликован на сайте: да · живость ящика: не проверялась, перед запуском — валидатор",2026-10-04,Интеграторы и автоматизация,"Интеграторы и автоматизация: поставка и внедрение САПР, PDM и PLM-систем","«Выслушаем ваши задачи для бизнеса, и на их основе предложим варианты развития.» — https://amcad.ru",события нет,B,Челябинск,регионы,МСК+2,"Увидели на сайте, что вы получили диплом в номинации «PLM-навигатор» на конференции IMPULS 2026 в Минске и представили там свои наработки по PLM.",https://amcad.ru/news/meropriyatiya/impuls-2026-kompaniya-amkad-otmechena-za-vklad-v-razvitie-plm-resheniy/,"Предполагаем, что проекты идут от вендора и из рейтингов, а напрямую заказчикам никто не пишет.",OK,"вычитка: факт скрипта, поправлена формулировка — добавлена суть награды (диплом, номинация, Минск); убрано «в сентябре 2026»: 25.09.2026 — дата новости, дата самой конференции на странице не названа | основание: «Конференция IMPULS 2026 в Минске» … «Наши специалисты не только представили собственные наработки в сфере PLM-решений» … «награждение дипломом в номинации «PLM-навигатор»» … «IMPULS 2026: компания АМКАД отмечена за вклад в развитие PLM-решений 25 сентября 2026» | источник: https://amcad.ru/news/meropriyatiya/impuls-2026-kompaniya-amkad-otmechena-za-vklad-v-razvitie-plm-resheniy/ | дата факта на странице: 25.09.2026 (дата новости в ленте https://amcad.ru/news/) | вариант скрипта: «Увидели, что в сентябре 2026 года вы были отмечены на IMPULS 2026 за вклад в развитие PLM-решений.»",адрес из инициалов (gam@)
Виталий,Фуников,Исполнительный директор,vitaliy@usk.ru,+7 (863) 236-04-70,Южная Софтверная Компания (ГК ЮСК),,ЮСК,https://usk.ru,А,в,да,исполнительный директор,первое лицо,https://usk.ru/company/staff/,страница без даты,,Исполнительный директор — именной,https://usk.ru/company/staff/,именной (у ЛПР),"синтаксис: да · MX: да · опубликован на сайте: да · живость ящика: не проверялась, перед запуском — валидатор",2026-10-04,Интеграторы и автоматизация,"Интеграторы и автоматизация: системный интегратор — поставка ПО, информационная безопасность, заказная разработка","«Менеджеры компании ответят на ваши вопросы, произведут расчет стоимости услуг и подготовят индивидуальное коммерческое предложение.» — https://usk.ru",события нет,B,Ростов-на-Дону,регионы,МСК,"Увидели на сайте, что вы в сентябре 2026 стали лучшим партнёром «Лаборатории Касперского» в ЮФО — награду вручили на конференции вендора в Гуанчжоу.",https://usk.ru/news/yusk-luchshiy-partner-laboratorii-kasperskogo-v-yufo/,"Предполагаем, что проекты идут от вендора и из рейтингов, а напрямую заказчикам никто не пишет.",OK,"вычитка: факт скрипта, поправлена формулировка — скрипт приписал событию дату новости (1 октября); по тексту новости конференция шла 21–25 сентября в Гуанчжоу, а компанию не «номинировали», а признали лучшим партнёром | основание: «21-25 сентября «Лаборатория Касперского» провела конференцию для ключевых российских партнеров в г. Гуанчжоу, Китай.» … ««Южная Софтверная Компания» была признана лучшим партнером в ЮФО и получила символическую награду «Золотой Мидори Кума»» … «1 октября 2026» | источник: https://usk.ru/news/yusk-luchshiy-partner-laboratorii-kasperskogo-v-yufo/ | дата факта на странице: конференция 21–25.09.2026, новость от 01.10.2026 | вариант скрипта: «Увидели на сайте, что вы 1 октября 2026 года на партнерской конференции «Лаборатории Касперского» были номинированы как лучший партнер ЮФО.»","адрес по имени (vitaliy@), дан ссылкой в карточке"
Валерий,Воробьев,Генеральный директор,valeri.vorobiev@asapcg.com,+7 (495) 642-63-20,АСАП Разработка (ООО «АСАП Разработка»),,АСАП Разработка,https://asapcg.ru,А,в,да,генеральный директор,первое лицо,https://asapcg.ru/contacts/,страница без даты,,Генеральный директор — именной,https://asapcg.ru/contacts/,именной (у ЛПР),"синтаксис: да · MX: да · опубликован на сайте: да · живость ящика: не проверялась, перед запуском — валидатор",2026-10-04,Интеграторы и автоматизация,Интеграторы и автоматизация: внедрение и сопровождение 1С:ERP / MES / APS для предприятий,«Оставьте заявку и наши специалисты свяжутся с Вами в ближайшее время» — https://asapcg.ru,события нет,B,Москва,Москва и МО,МСК,"Увидели на сайте, что вы вместе с заказчиком «СВИСС КРОНО» в апреле 2026 представили на семинаре по 1С:ERP опыт импортозамещения зарубежной аналитической системы.",https://asapcg.com/press/news/1s-erp-kak-platforma-rosta-ooo-asap-razrabotka-i-ooo-sviss-krono-podelilis-uspeshnym-keysom-importoz/,"Предполагаем, что проекты идут от вендора и из рейтингов, а напрямую заказчикам никто не пишет.",OK,"вычитка: заменено вручную — скрипт взял справочную статью блога («Протоколы СФР»); в ленте новостей компании есть свежий факт о ней самой — выступление с заказчиком на семинаре 1С:ERP | основание: «совместно с заказчиком ООО «СВИСС КРОНО» приняли участие в XII семинаре по «1С:ERP Управление предприятием», который прошел с 7 по 10 апреля 2026 года» … «представили опыт импортозамещения зарубежной аналитической системы» … «23.04.2026 1С:ERP как платформа роста» | источник: https://asapcg.com/press/news/1s-erp-kak-platforma-rosta-ooo-asap-razrabotka-i-ooo-sviss-krono-podelilis-uspeshnym-keysom-importoz/ | дата факта на странице: семинар 7–10.04.2026, новость от 23.04.2026 | вариант скрипта: «Увидели, что в июле 2026 вы опубликовали на своём медиапортале статью «Протоколы СФР. Новая сверка старых отчетов».»",почта на домене asapcg.com: asapcg.ru переадресует на него
Кирилл,Левин,Заместитель директора по коммерческой деятельности,kl@networkss.ru,8-800-600-22-12,Network Solutions (ООО «Нетворк Солюшнс»),,Network Solutions,https://networkss.ru,А,в,да,заместитель директора,продажи,https://networkss.ru/about/,страница без даты,,Заместитель директора по коммерческой деятельности — именной,https://networkss.ru/about/,именной (у ЛПР),"синтаксис: да · MX: да · опубликован на сайте: да · живость ящика: не проверялась, перед запуском — валидатор",2026-10-04,Интеграторы и автоматизация,Интеграторы и автоматизация: поставка и интеграция телеком-оборудования Eltex для бизнеса и операторов,"«Основной деятельностью компании NETWORK SOLUTIONS является осуществление комплексных поставок телекоммуникационного оборудования государственным учреждениям, корпорациям, промышленным предприятиям, провайдерам услуг связи по всей территории Российской Федерации» — https://networkss.ru/about/",события нет,B,Новосибирск,регионы,МСК+4,"Увидели на сайте, что вы в августе 2026 представили оборудование Eltex на собственном стенде конференции IT CREDO в Пензе и выступили с докладом о новинках линейки.",https://networkss.ru/press-center/news/,"Предполагаем, что проекты идут от вендора и из рейтингов, а напрямую заказчикам никто не пишет.",OK,"вычитка: факт скрипта, поправлена формулировка — добавлена дата: по тексту новости конференция прошла 27 августа, новость от 25.09.2026 | основание: «Network Solutions на IT CREDO 25 Сентябрь 2026 г.» … «приняла участие в конференции IT CREDO, которая прошла 27 августа в Пензе» … «Компания представила оборудование Eltex на собственном стенде и выступила с докладом о новинках продуктовой линейки.» | источник: https://networkss.ru/press-center/news/ | дата факта на странице: конференция 27 августа, новость от 25.09.2026 | вариант скрипта: «Увидели, что вы представили оборудование Eltex на собственном стенде конференции IT CREDO в Пензе и выступили с докладом о новинках продуктовой линейки.»",адрес из инициалов (kl@)
Павел,Стригин,Коммерческий директор,spy@cyber-strategy.ru,+7 391 216 87 37,Кибер Стратегия (ООО «Кибер Стратегия»),,Кибер Стратегия,https://cyber-strategy.ru,А,в,да,коммерческий директор,продажи,https://cyber-strategy.ru/contacts/,страница без даты,,Коммерческий директор — именной,https://cyber-strategy.ru/contacts/,именной (у ЛПР),"синтаксис: да · MX: да · опубликован на сайте: да · живость ящика: не проверялась, перед запуском — валидатор",2026-10-04,Интеграторы и автоматизация,Интеграторы и автоматизация: интегратор информационной безопасности,"«Выбор и внедрение оптимальных методик, оборудования и программного обеспечения для защиты корпоративной инфраструктуры.» — https://cyber-strategy.ru",события нет,B,Красноярск,регионы,МСК+4,"Увидели на сайте, что вы 5 февраля 2026 работали на собственном стенде конференции «Код ИБ» и вели диалог с её участниками, заказчиками и партнёрами.",https://cyber-strategy.ru/1878/,"Предполагаем, что проекты идут от вендора и из рейтингов, а напрямую заказчикам никто не пишет.",OK,"вычитка: факт скрипта, поправлена формулировка — ошибка даты у скрипта: в ленте дата стоит ПОД карточкой, 15.05.2026 относится к соседней новости (UserGate Open Tour), а «Код ИБ» датирован 06.02.2026; в самой новости — 5 февраля 2026. Факт оставлен: собственный стенд важнее коммерческому директору, чем посещение UserGate Open Tour | основание: «5 февраля 2026 наша компания приняла участие в отраслевом мероприятии КОД ИБ» … «представители нашей компании работали на собственном стенде, где вели активный диалог с участниками конференции, заказчиками и партнёрами» | источник: https://cyber-strategy.ru/1878/ | дата факта на странице: 05.02.2026 (в ленте новость датирована 06.02.2026) | вариант скрипта: «Увидели на сайте, что вы в мае 2026 года приняли участие в КОД ИБ и общались с участниками рынка на своём стенде.»",короткий адрес (spy@) в строке коммерческого директора
Александр,Павлов,Генеральный директор,a.pavlov@tu-don.ru,+7 (863) 209-80-58,Технологии учета,Сергеевич,Технологии учета,https://tu-don.ru,А,в,да,генеральный директор,первое лицо,https://tu-don.ru/company/staff/,страница без даты,,Генеральный директор — именной,https://tu-don.ru/company/staff/,именной (у ЛПР),"синтаксис: да · MX: да · опубликован на сайте: да · живость ящика: не проверялась, перед запуском — валидатор",2026-10-04,Интеграторы и автоматизация,"Интеграторы и автоматизация: 1С:Франчайзи — автоматизация учёта, WMS для складов",«Комплексная автоматизациия учета на базе программных продуктов фирмы «1С»» — https://tu-don.ru,события нет,B,Ростов-на-Дону,регионы,МСК,"Увидели на сайте, что вы автоматизировали склад дистрибуции «Грасс тайм» в Донецке с помощью модуля AS WMS Lite — кейс от 23 сентября 2026.",https://tu-don.ru/cases/,"Предполагаем, что проекты идут от вендора и из рейтингов, а напрямую заказчикам никто не пишет.",OK,"вычитка: заменено вручную — скрипт взял справочную статью блога про интерфейс WMS; в разделе кейсов есть свежий кейс с названным клиентом | основание: «Склад бытовой химии 23 сентября 2026 Автоматизация склада дистрибуции ООО «Грасс тайм» г. Донецк с помощью модуля AS WMS Lite» | источник: https://tu-don.ru/cases/ | дата факта на странице: 23.09.2026 (дата кейса в ленте; сам кейс: https://tu-don.ru/cases/sklad-bytovoy-khimii/grass-time/) | вариант скрипта: «Увидели, что в сентябре 2026 вы опубликовали в блоге статью про интерфейс WMS и работу кладовщика на складе.»",
Алексей,Пятковский,Директор,pao@aitis.pro,+7 (3852) 505-022,АЙТИС,Олегович,АЙТИС,https://aitis.pro,А,в,да,директор,первое лицо,https://aitis.pro/company/staff/,страница без даты,,Директор — именной,https://aitis.pro/company/staff/,именной (у ЛПР),"синтаксис: да · MX: да · опубликован на сайте: да · живость ящика: не проверялась, перед запуском — валидатор",2026-10-04,Интеграторы и автоматизация,"Интеграторы и автоматизация: 1С:Франчайзи — внедрение и сопровождение 1С, торговое оборудование",«Учитываем специфику бизнеса и делаем удобно и эффективно» — https://aitis.pro,события нет,B,Барнаул,регионы,МСК+4,"Увидели на сайте, что вы подключаете бизнес к ТС ПИоТ под ключ: настраиваете, проверяете и запускаете.",https://aitis.pro/,"Предполагаем, что проекты идут от вендора и из рейтингов, а напрямую заказчикам никто не пишет.",OK,"вычитка: заменено вручную — у скрипта «нет данных»: при прогоне скрипта и при вычитке сайт aitis.pro не отвечал (Connection refused), факт был взят из копии главной страницы от 03.10.2026 15:35; поздно вечером 03.10.2026 сайт ответил, название компании и цитата найдены на живой странице | основание: «ТС ПИоТ под ключ Мы настроим, проверим и запустим ТС ПИоТ, чтобы ваш бизнес работал без рисков.» | источник: https://aitis.pro/ | без даты: баннер на главной странице | вариант скрипта: «нет данных»",адрес из инициалов (pao@)
Станислав,Маркевич,Генеральный директор,stam@kripta.ru,+7 (4162) 99-99-11,Крипта (ООО «Крипта»),Анатольевич,Крипта,https://kripta.ru,А,в,да,генеральный директор,первое лицо,https://kripta.ru/company/staff/,страница без даты,,Генеральный директор — именной,https://kripta.ru/company/staff/,именной (у ЛПР),"синтаксис: да · MX: да · опубликован на сайте: да · живость ящика: не проверялась, перед запуском — валидатор",2026-10-04,Интеграторы и автоматизация,"Интеграторы и автоматизация: 1С:Франчайзи — внедрение 1С, кассовое ПО, ИТ-аутсорсинг","«представляет на рынке Амурской области продукты и технологии, которые помогут правильно построить учет в организации, безопасно управлять бизнесом» — https://kripta.ru/company/",события нет,B,Благовещенск,регионы,МСК+6,"Увидели, что по итогам мая 2026 вы вошли в тройку лучших партнёров России по установке модулей ТС ПИоТ.",https://kripta.ru/company/news/top3tspiot/,"Предполагаем, что проекты идут от вендора и из рейтингов, а напрямую заказчикам никто не пишет.",OK,"вычитка: заменено вручную — скрипт взял разбор «автоштрафов» от 01.10.2026 — справочный материал для клиентов, а не событие компании; генеральному директору ближе достижение самой компании | основание: «Компания «КРИПТА» вошла в ТОП-3 лучших партнеров России по внедрению ТС ПИоТ» … «29 июня 2026» … «По итогам мая 2026 года компания «КРИПТА» вошла в тройку лучших партнеров по установке модулей ТС ПИоТ среди участников программы по всей России.» | источник: https://kripta.ru/company/news/top3tspiot/ | дата факта на странице: 29.06.2026 (итоги мая 2026) | вариант скрипта: «Увидели, что 1 октября 2026 вы опубликовали разбор «автоштрафов» за продажу табачных изделий и просроченных продуктов.»","короткий адрес (stam@), дан ссылкой в карточке"
Оксана,Бетева,Генеральный директор,BetevaOA@it-murman.ru,8 (8152) 69 27 00,Центр консалтинговых проектов (ООО «Центр консалтинговых проектов»),Анатольевна,Центр консалтинговых проектов,https://it-murman.ru,А,в,да,генеральный директор,первое лицо,https://it-murman.ru/company/management,страница без даты,,Генеральный директор — именной,https://it-murman.ru/company/management,именной (у ЛПР),"синтаксис: да · MX: да · опубликован на сайте: да · живость ящика: не проверялась, перед запуском — валидатор",2026-10-04,Интеграторы и автоматизация,"Интеграторы и автоматизация: 1С:Франчайзи — автоматизация бизнеса и учреждений, разработка, ИТ-сопровождение","«Нашей компании более 12 лет, у нас есть многолетний опыт реализации ИТ-проектов различного масштаба и отраслевой специфики.» — https://it-murman.ru",события нет,B,Мурманск,регионы,МСК,"Увидели на сайте, что вы приглашаете на вебинар 14 октября 2026 о проектном учёте в энергомашиностроении и инжиниринге в 1С:ERP.",https://it-murman.ru/company/events/,"Предполагаем, что проекты идут от вендора и из рейтингов, а напрямую заказчикам никто не пишет.",OK,"вычитка: факт скрипта, поправлена формулировка — «проводите» заменено на «приглашаете»: в разделе мероприятий сайта стоит анонс с пометкой «Регистрация открыта», кто ведёт вебинар — на странице не сказано (страница самого события отдаёт тот же список) | основание: «14.10.2026 Вебинар Практика проектного учёта в энергомашиностроении и инжиниринге: как в 1С:ERP связать процессы без избыточных доработок Регистрация открыта» | источник: https://it-murman.ru/company/events/ | дата факта на странице: 14.10.2026 (предстоящий вебинар; после этой даты формулировку поменять на прошедшее время) | вариант скрипта: «Увидели на сайте, что вы проводите 14 октября 2026 вебинар о проектном учёте в энергомашиностроении и инжиниринге в 1С:ERP.»",вебинар 14.10.2026: после этой даты формулировку факта перевести в прошедшее время
Даниил,Нестеров,Руководитель коммерческого отдела,daniil.nesterov@intervolga.ru,+7 495 648 57 90,Интерволга,,Интерволга,https://www.intervolga.ru,А,в,да,руководитель коммерческого отдела,продажи,https://www.intervolga.ru/contacts/,страница без даты,,Руководитель коммерческого отдела — именной,https://www.intervolga.ru/contacts/,именной (у ЛПР),"синтаксис: да · MX: да · опубликован на сайте: да · живость ящика: не проверялась, перед запуском — валидатор",2026-10-04,Интеграторы и автоматизация,"Интеграторы и автоматизация: внедрение 1С-Битрикс, Битрикс24 и отечественного ПО","Отдельный ящик для новых клиентов: «Заказать наши услуги, проконсультироваться, предложить партнёрство»; в контактах указан руководитель коммерческого отдела — https://www.intervolga.ru/contacts/",события нет,B,Волгоград,регионы,МСК,"Увидели на сайте, что вы ведёте комплексную автоматизацию B2B-продаж производителя смазочных материалов: интеграция Битрикс24 с 1С:ERP и контроль ежедневной работы менеджеров.",https://www.intervolga.ru/blog/bitrix24/utrom-model-prodazh-vecherom-soft-avtomatizatsiya-b2b-prodazh-distribyutora-smazochnykh-materialov/,"Предполагаем, что проекты идут от вендора и из рейтингов, а напрямую заказчикам никто не пишет.",OK,"вычитка: факт скрипта, поправлена формулировка — у скрипта «описали в блоге кейс» без сути; добавлено, что именно делается, и учтено, что проект ещё идёт («Этап 1 — в работе»). Текст прошлой вычитки (160+ сотрудников, 5 вузов) не взят: руководителю коммерческого отдела кейс про B2B-продажи ближе, а на главной сейчас стоит другое число — «150+ сотрудников» | основание: «Утром — модель продаж, вечером — софт: автоматизация B2B-продаж производителя смазочных материалов» … «Этап 1 — в работе: связка ERP и CRM по деньгам и тоннам» … «Она о программе комплексной автоматизации B2B-продаж с управленческой моделью, прозрачными данными, интеграцией Битрикс24 с 1С:ERP и автоматизированным контролем ежедневной работы менеджера.» | источник: https://www.intervolga.ru/blog/bitrix24/utrom-model-prodazh-vecherom-soft-avtomatizatsiya-b2b-prodazh-distribyutora-smazochnykh-materialov/ | без даты: статья первая в ленте https://www.intervolga.ru/blog/bitrix24/, проект идёт («Этап 1 — в работе») | вариант скрипта: «Увидели на сайте, что вы описали в блоге кейс автоматизации B2B-продаж производителя смазочных материалов.»",в компании ещё три проверенных контакта — писать сначала одному
Ярослав,Егоров,Директор по продажам,ye@aspro.ru,8 800 500-47-11,Аспро,,Аспро,https://aspro.ru,А,в,да,директор по продажам,продажи,https://aspro.ru/company/staff/head/yaroslav-egorov/,страница без даты,,Директор по продажам — именной,https://aspro.ru/company/staff/head/yaroslav-egorov/,именной (у ЛПР),"синтаксис: да · MX: да · опубликован на сайте: да · живость ящика: не проверялась, перед запуском — валидатор",2026-10-04,Интеграторы и автоматизация,"Интеграторы и автоматизация: готовые решения на 1С-Битрикс, партнёрская сеть внедренцев","В шапке сайта телефон «Отдел продаж», раздел «Стать партнером» — https://aspro.ru/contact/",события нет,B,Челябинск,регионы,МСК+2,"Увидели на сайте, что вашу систему управления бизнесом Аспро.Cloud используют уже больше 25 000 компаний.",https://aspro.ru/company/,"Предполагаем, что на демо записываются те, кто уже ищет решение, а до остальных продажи не дотягиваются.",OK,"вычитка: заменено вручную — директору по продажам ближе размер клиентской базы, чем очередное обновление шаблона (обновления выходят почти каждую неделю); релиз от 30.09.2026, который выбрал скрипт, тоже верен. Возвращён факт прошлой вычитки | основание: «25 000+ компаний используют систему управления бизнесом Аспро.Cloud» | источник: https://aspro.ru/company/ | без даты: текущая цифра на странице «О компании» | вариант скрипта: «Увидели, что 30 сентября 2026 вы выпустили обновление Аспро: Корпоративный сайт 3.0 с избранными товарами и маркетинговыми окнами.»",адрес из инициалов (ye@); в отделе продаж ещё два проверенных контакта
Никита,Григорьев,Руководитель отдела маркетинга,ngrigoriev@cleverence.ru,+7 (495) 662 98-03,Клеверенс,,Клеверенс,https://www.cleverence.ru,А,в,да,руководитель отдела маркетинга,маркетинг,https://www.cleverence.ru/press-center/,страница без даты,,Руководитель отдела маркетинга — именной,https://www.cleverence.ru/press-center/,именной (у ЛПР),"синтаксис: да · MX: да · опубликован на сайте: да · живость ящика: не проверялась, перед запуском — валидатор",2026-10-04,Интеграторы и автоматизация,"Интеграторы и автоматизация: ПО для склада, магазина и маркировки (ТСД)","Партнёрская программа «Стать партнером», отдел продаж в контактах — https://www.cleverence.ru/",события нет,B,Москва,Москва и МО,МСК,"Увидели на сайте, что вы проводите в октябре 2026 двенадцать событий — от партнёрских вебинаров и семинаров до конференции по автоматизации склада.",https://www.cleverence.ru/news/,"Предполагаем, что на демо записываются те, кто уже ищет решение, а до остальных продажи не дотягиваются.",OK,"вычитка: заменено вручную — руководителю отдела маркетинга ближе программа мероприятий, чем номер версии продукта; релиз «Маркетплейса 15» от 30.09.2026, который выбрал скрипт, тоже верен | основание: «Мероприятия Клеверенс в октябре 2026: вебинары, семинары и автоматизация 1.10.2026» … «В октябре — двенадцать событий: партнёрские вебинары и семинары, практические встречи по маркировке, бизнес-завтрак SCANCODE, конференция по автоматизации склада и очные мероприятия для партнёров.» | источник: https://www.cleverence.ru/news/ | дата факта на странице: 01.10.2026 | вариант скрипта: «Увидели, что 30 сентября 2026 вы выпустили обновление «Маркетплейса 15» с выгрузкой номенклатуры на ТСД.»",адрес опубликован как контакт для СМИ · события октября 2026: в ноябре формулировку факта перевести в прошедшее время
Александр,Лунин,Руководитель отдела продаж SEO и рекламы,lunin@pixelplus.ru,+7 495 989-53-11,Пиксель Плюс,,Пиксель Плюс,https://pixelplus.ru,А,в,да,руководитель отдела продаж,продажи,https://pixelplus.ru/studio/team/head/aleksandr-lunin.html,страница без даты,,Руководитель отдела продаж SEO и рекламы — именной,https://pixelplus.ru/studio/team/head/aleksandr-lunin.html,именной (у ЛПР),"синтаксис: да · MX: да · опубликован на сайте: да · живость ящика: не проверялась, перед запуском — валидатор",2026-10-04,B2B-маркетинг,"B2B-маркетинг: digital-агентство (SEO, сайты, реклама)","В контактах «Отдел продаж: +7 495 989-53-11», отделы продаж в нескольких городах — https://pixelplus.ru/contact/",события нет,B,Москва,Москва и МО,МСК,"Увидели на сайте, что вы в сентябре 2026 вошли в лидеры отраслевых срезов Рейтинга Рунета — от SEO и техподдержки до разработки сайтов.",https://pixelplus.ru/studio/news/piksel-plyus-rasshiril-prisutstvie-v-reytinge-runeta-otraslevye-srezy.html,"Предполагаем, что заявки идут из рейтингов и контента, а исходящего канала на нужные компании нет.",OK,"вычитка: заменено вручную — скрипт взял справочную статью про Алису AI. Факт прошлой вычитки («в августе 2026 второе место в рейтинге Seonews») НЕ возвращён: на главной дата стоит под карточкой, запись про Seonews датирована 07.02.2024, а 12.08.2026 относится к соседней карточке. Взята свежая новость о самой компании | основание: «Пиксель Плюс расширил присутствие в Рейтинге Рунета: агентство вошло в лидеры отраслевых срезов — новость от 07.09.2026» … «Пиксель Плюс входит в число лидеров сразу по нескольким направлениям — от SEO и технической поддержки до разработки сайтов и продвижения в нейросетях» | источник: https://pixelplus.ru/studio/news/piksel-plyus-rasshiril-prisutstvie-v-reytinge-runeta-otraslevye-srezy.html | дата факта на странице: 07.09.2026 | вариант скрипта: «Увидели на сайте, что в сентябре 2026 вы опубликовали материал о рекламе в Алисе AI.»","digital-агентство: смежный рынок, рассылок среди услуг на сайте нет"
Алексей,Рудяк,Управляющий партнёр,Alexei.Roudiak@nikolskaya.ru,+7 495 740 22 77,Никольская Консалтинг,,Никольская Консалтинг,https://nikolskaya.ru,А,в,да,управляющий партнёр,первое лицо,https://nikolskaya.ru/persons/aleksej-rudyak,страница без даты,,Управляющий партнёр — именной,https://nikolskaya.ru/persons/aleksej-rudyak,именной (у ЛПР),"синтаксис: да · MX: да · опубликован на сайте: да · живость ящика: не проверялась, перед запуском — валидатор",2026-10-04,Юридические услуги,"Юридические услуги: B2B-юридический консалтинг — корпоративная практика, M&A, споры, санкционные и регуляторные вопросы","«Люблю расспрашивать клиентов про их бизнес. Про то, как сформулированы коммерческие цели и как расставлены приоритеты» — https://nikolskaya.ru/persons/aleksej-rudyak",события нет,B,Москва,Москва и МО,МСК,"Увидели на сайте, что вы консультировали Inchcape PLC по продаже российских активов текущему менеджменту и закрыли сделку в кратчайшие сроки.",https://nikolskaya.ru,"Предполагаем, что клиенты идут по рекомендациям и из рейтингов, а напрямую собственникам никто не пишет.",OK,"вычитка: заменено вручную — скрипт пересказал строку из списка практик (описание услуги); управляющему партнёру по M&A ближе названный кейс из блока «Опыт» на той же главной. Лента новостей сайта подгружается скриптом и без браузера не читается, датированных записей в HTML нет | основание: «Консультирование Inchcape PLC по продаже российских активов текущему менеджменту» … «Inchcape PLC — один из мировых лидеров в розничной продаже автомобилей. Сделка была совершена в кратчайшие сроки до формирования на российском M&A рынке устоявшегося подхода к структурированию сделок МВО.» | источник: https://nikolskaya.ru | без даты: кейс в блоке «Опыт» на главной странице, год сделки на сайте не указан | вариант скрипта: «Увидели, что вы ведёте санкционную практику: консультируете по санкционным рискам, оспариваете санкции и помогаете с разблокировкой активов.»","сигнал продаж — личная цитата партнёра, отдела продаж на сайте не видно"
Ольга,Борискова,Руководитель отдела развития,boriskova@etalon-cons.ru,+7 (495) 509-41-19,Консалтинговая Группа ЭТАЛОН,Викторовна,ЭТАЛОН,https://www.etalon-cons.ru,А,в,да,руководитель отдела развития,развитие,https://www.etalon-cons.ru/komanda/,страница без даты,,Руководитель отдела развития — именной,https://www.etalon-cons.ru/komanda/,именной (у ЛПР),"синтаксис: да · MX: да · опубликован на сайте: да · живость ящика: не проверялась, перед запуском — валидатор",2026-10-04,Юридические услуги,"Юридические услуги: юридические услуги для бизнеса (отраслевые практики, с 1997 г.)",«Консалтинговая Группа ЭТАЛОН: юридические услуги для бизнеса» — https://www.etalon-cons.ru/,события нет,B,Москва,Москва и МО,МСК,"Увидели на сайте, что вы получаете половину клиентов по рекомендациям и ведёте на сопровождении более 100 фирм.",https://www.etalon-cons.ru/,"Предполагаем, что вторую половину клиентов приходится искать самим, а напрямую компаниям никто не пишет.",OK,"вычитка: заменено вручную — скрипт взял справочную статью блога (гайд по ВЭД); в ленте «Новости» — только новости законодательства. Руководителю отдела развития ближе цифры о клиентах с главной страницы | основание: «50 % клиентов приходят по рекомендациям» … «более 100 фирм на сопровождении» | источник: https://www.etalon-cons.ru/ | без даты: текущие цифры на главной странице | вариант скрипта: «Увидели, что в августе 2026 вы опубликовали в блоге гайд «Как стать участником ВЭД».»","небольшая практика, отдела продаж на сайте не видно"
Мария,Романчева,Директор по развитию,maria.romancheva@kachkin.ru,+7 812 602 0225,Адвокатское бюро «Качкин и Партнеры»,,Качкин и Партнеры,https://kachkin.ru,А,в,да,директор по развитию,развитие,https://kachkin.ru/press/contact/,страница без даты,,Директор по развитию — именной,https://kachkin.ru/press/contact/,именной (у ЛПР),"синтаксис: да · MX: да · опубликован на сайте: да · живость ящика: не проверялась, перед запуском — валидатор",2026-10-04,Юридические услуги,"Юридические услуги: юридические услуги для бизнеса — недвижимость, ГЧП, корпоративное право, банкротство (30+ юристов)","«С нами работают клиенты из различных отраслей, включая энергетику и природные ресурсы, промышленность, банки и финансы, строительство» — https://kachkin.ru/about/",события нет,B,Санкт-Петербург,Санкт-Петербург,МСК,"Увидели на сайте, что вы назначили на 6 октября 2026 совместный с юридической группой «Ком-Юнити» вебинар «Личные фонды: два года практики».",https://www.kachkin.ru/priglashaem-na-biznes-efir-lichnye-fondy-dva-goda-praktiki/,"Предполагаем, что клиенты идут по рекомендациям и из рейтингов, а напрямую собственникам никто не пишет.",OK,"вычитка: заменено вручную — скрипт приписал мастер-классу дату новости (23.09.2026), сам саммит РГУД шёл 18–19 сентября; к тому же это выступление одного партнёра. Директору по развитию ближе собственное мероприятие бюро — совместный вебинар, анонс от 29.09.2026 | основание: «Приглашаем на бизнес-эфир «Личные фонды: два года практики» 29.09.2026» … «6 октября 2026 года в 11:00 по Москве адвокатское бюро «Качкин и Партнеры» и юридическая группа «Ком-Юнити» проведут совместный вебинар о личных фондах.» | источник: https://www.kachkin.ru/priglashaem-na-biznes-efir-lichnye-fondy-dva-goda-praktiki/ | дата факта на странице: вебинар 06.10.2026, анонс от 29.09.2026 | вариант скрипта: «Увидели на сайте, что 23 сентября 2026 года [имя] провел мастер-класс на саммите РГУД 2026.»",адрес напечатан в блоке пресс-контактов · вебинар 06.10.2026: после этой даты формулировку факта перевести в прошедшее время
Анна,Жолобова,"Управляющий партнер офиса Коллегии в г. Москве, руководитель практики «Недвижимость и строительство»",a.zholobova@regionservice.com,+7 (495) 260-06-50,Коллегия адвокатов «Регионсервис»,,Регионсервис,https://regionservice.com,А,в,да,управляющий партнер,первое лицо,https://regionservice.com/team/anna-zholobova/,страница без даты,,"Управляющий партнер офиса Коллегии в г. Москве, руководитель практики «Недвижимость и строительство» — именной",https://regionservice.com/team/anna-zholobova/,именной (у ЛПР),"синтаксис: да · MX: да · опубликован на сайте: да · живость ящика: не проверялась, перед запуском — валидатор",2026-10-04,Юридические услуги,"Юридические услуги: юридическая поддержка бизнеса — недвижимость и строительство, банкротство, споры; офисы в 5 городах",«Коллегия адвокатов Регионсервис — Юридическая поддержка бизнеса» — https://regionservice.com/,события нет,B,Москва,Москва и МО,МСК,"Увидели на сайте, что вы 24 сентября 2026 как правовой партнёр премии CRE Federal Awards вручили награды AZIMUT Hotels и ГК DOGMA в номинациях «Девелопер года».",https://regionservice.com/news/ka-regionservis-pravovoj-partner-premii-cre-federal-awards-2/,"Предполагаем, что клиенты идут по рекомендациям и из рейтингов, а напрямую собственникам никто не пишет.",OK,"вычитка: факт скрипта, поправлена формулировка — у скрипта «опубликовали пресс-релиз о награждении» с датой публикации; по тексту новости церемония прошла 24 сентября, а награды вручала сама адресат письма — Анна Жолобова, коллегия была правовым партнёром премии | основание: «24 сентября в московском отеле The Carlton назвали победителей XXII Ежегодной федеральной премии CRE Awards» … «От лица Коллегии адвокатов «Регионсервис» — правового партнёра премии — Анна Жолобова, управляющий партнер московского офиса, руководитель практики «Недвижимость и строительство», вручила награды AZIMUT Hotels в номинации «Девелопер года» (коммерческая недвижимость) и ГК DOGMA в номинации «Девелопер года» (жилая недвижимость).» … «02 октября, 2026» | источник: https://regionservice.com/news/ka-regionservis-pravovoj-partner-premii-cre-federal-awards-2/ | дата факта на странице: церемония 24 сентября, новость от 02.10.2026 | вариант скрипта: «Увидели на сайте, что 2 октября 2026 вы опубликовали пресс-релиз о награждении победителей премии CRE Federal Awards.»","ЛПР на уровне московского офиса, головной офис коллегии — в Кемерове"
Кирилл,Труханов,Управляющий партнер,trukhanov@trubor.ru,+7 495 120-55-84,Адвокатское бюро «Трубор»,,Трубор,https://trubor.ru,А,в,да,управляющий партнер,первое лицо,https://trubor.ru/team/,страница без даты,,Управляющий партнер — именной,https://trubor.ru/team/,именной (у ЛПР),"синтаксис: да · MX: да · опубликован на сайте: да · живость ящика: не проверялась, перед запуском — валидатор",2026-10-04,Юридические услуги,"Юридические услуги: юридические услуги для бизнеса — сделки, споры, банкротства, отраслевые практики",«Мы помогаем бизнесу расти. Оставьте юридические вопросы нам и сосредоточьтесь на своей основной деятельности.» — https://trubor.ru/,события нет,B,Москва,Москва и МО,МСК,"Увидели, что в июне 2026 года вы стали партнёром саммита Сообщества Маркет Аксесс в Москве и выступили там с презентацией о стратегиях защиты интересов в торгах.",https://trubor.ru/info-center/news/ab-trubor-partner-iv-ezhegodnogo-sammita-soobshchestva-market-aksess-2026/,"Предполагаем, что клиенты идут по рекомендациям и из рейтингов, а напрямую собственникам никто не пишет.",OK,"вычитка: факт скрипта, поправлена формулировка — у скрипта в тексте стояло имя сотрудницы бюро: в письме оно не нужно, а в базу записывается только адресат, поэтому сказано «вы выступили» и добавлена тема презентации; это последняя запись в ленте новостей бюро (20.07.2026) | основание: «24 июня 2026 года состоялся ежегодный саммит Сообщества Маркет Аксесс 2026 в Москве. АБ ""Трубор"" стало партнером мероприятия, а [имя] выступила перед участниками встречи с презентацией о ключевых стратегиях защиты интересов в торгах» | источник: https://trubor.ru/info-center/news/ab-trubor-partner-iv-ezhegodnogo-sammita-soobshchestva-market-aksess-2026/ | дата факта на странице: 24.06.2026 (новость в ленте от 20.07.2026) | вариант скрипта: «Увидели, что в июне 2026 года вы стали партнером саммита Сообщества Маркет Аксесс в Москве, где [имя] выступила с презентацией.»",
Ольга,Митянина,Генеральный директор,ov.mityanina@vneshaudit.ru,+7 (495) 967 0495,HLB Внешаудит (АО «Эйч Эл Би Внешаудит»),Вячеславовна,Внешаудит,https://vneshaudit.ru,А,в,да,генеральный директор,первое лицо,https://vneshaudit.ru/about/rukovoditeli/,страница без даты,,Генеральный директор — именной,https://vneshaudit.ru/about/rukovoditeli/,именной (у ЛПР),"синтаксис: да · MX: да · опубликован на сайте: да · живость ящика: не проверялась, перед запуском — валидатор",2026-10-04,Аудит и консалтинг,"Аудит и консалтинг: аудит, МСФО, налоговый и управленческий консалтинг, CFO-услуги для компаний",«Нам доверяют более 270 компаний» — https://vneshaudit.ru/,события нет,B,Москва,Москва и МО,МСК,"Увидели на сайте, что вам доверяют более 270 компаний, а аудиторские и консультационные проекты вы ведёте уже 30 лет.",https://vneshaudit.ru,"Предполагаем, что заказчики идут по рекомендациям и с тендеров, а напрямую нужным компаниям никто не пишет.",OK,"вычитка: заменено вручную — факт скрипта верный (в блоке «Актуальная информация» компания сообщает о прекращении членства в HLB International), но объявление без даты, а начинать письмо первому лицу с выхода из сети неловко; взяты цифры компании с той же страницы. Поэтому в колонке «компания_в_письме» стоит «Внешаудит», а не «HLB Внешаудит»: так компания называет себя на сайте (сверено 04.10.2026) | основание: «Нам доверяют более 270 компаний» … «За 30 лет успешной работы мы накопили большой опыт выполнения аудиторских и консультационных проектов» | источник: https://vneshaudit.ru | без даты: действующие цифры на главной странице, дат на сайте нет | вариант скрипта: «Увидели на сайте, что АО «Эйч Эл Би Внешаудит» сообщает о прекращении членства в международной сети HLB International.»",сайт обновляется редко — перед отправкой перепроверить должность
Денис,Колокольников,Генеральный директор,kolokolnikov@rrg.ru,+7 (495) 981-00-12,RRG (Группа компаний RRG),,RRG,https://rrg.ru,А,в,да,генеральный директор,первое лицо,https://rrg.ru/contacts.php,страница без даты,,Генеральный директор — именной,https://rrg.ru/contacts.php,именной (у ЛПР),"синтаксис: да · MX: да · опубликован на сайте: да · живость ящика: не проверялась, перед запуском — валидатор",2026-10-04,Аудит и консалтинг,"Аудит и консалтинг: консалтинг, управление и эксплуатация, брокеридж на рынке коммерческой недвижимости (B2B)",«Компания RRG профессионально управляет всем жизненным циклом коммерческой недвижимости»; на странице контактов блок «Для заказчиков:» — https://rrg.ru/,события нет,B,Москва,Москва и МО,МСК,"Увидели, что в июле 2026 вы выступили консультантом по подбору оператора и сопровождению сделки: в бизнес-центре Level work Воронцовская откроется клуб City Squash.",https://rrg.ru/news/14799,"Предполагаем, что заказчики идут по рекомендациям и с тендеров, а напрямую нужным компаниям никто не пишет.",OK,"вычитка: факт скрипта, поправлена формулировка — сделка та же, что у скрипта; у скрипта вышло «для клуба City Squash», а на странице RRG подбирала оператора для бизнес-центра; добавлена дата | основание: «Клуб City Squash откроется в бизнес-центре Level work Воронцовская» … «13.07.2026» … «Компания RRG выступила консультантом по подбору оператора и сопровождению сделки.» | источник: https://rrg.ru/news/14799 | дата факта на странице: 13.07.2026 | вариант скрипта: «Увидели, что вы выступили консультантом по подбору оператора и сопровождению сделки для клуба City Squash в бизнес-центре Level work Воронцовская.»","в новости от 08.07.2026 назван основателем и управляющим партнёром, на странице контактов — генеральным директором"
Анна,Слободенюк,Руководитель отдела продаж,anna.slobodenuk@fcrc.ru,+7 (495) 374-00-19,ООО «Первая Комплексная Регистрационная Компания» (ПКРК),,ПКРК,https://fcrc.ru,А,в,да,руководитель отдела продаж,продажи,https://fcrc.ru/,страница без даты,,Руководитель отдела продаж — именной,https://fcrc.ru/,именной (у ЛПР),"синтаксис: да · MX: да · опубликован на сайте: да · живость ящика: не проверялась, перед запуском — валидатор",2026-10-04,Аудит и консалтинг,"Аудит и консалтинг: регистрация медицинских изделий, сертификация, лицензирование и локализация производства — услуги для производителей и поставщиков медизделий","«Мы ценим время и деньги наших клиентов, поэтому предлагаем разный набор услуг от комплексного процесса регистрации, до оказания отдельных видов работ или консультаций»; кнопка «Узнать стоимость» — https://fcrc.ru/",события нет,B,Москва,Москва и МО,МСК,"Увидели на сайте, что в 2026 году вы стали членом Торгово-промышленной палаты, а положительных регистраций медицинских изделий у вас 97,8%.",https://www.fcrc.ru/about/,"Предполагаем, что заказчики идут по рекомендациям и с тендеров, а напрямую нужным компаниям никто не пишет.",OK,"вычитка: заменено вручную — скрипт взял справочную статью блога «Нужны ли клинические испытания…» от 08.09.2026; руководителю отдела продаж ближе статус и результат самой компании — этим она продаёт | основание: «2026 г. Компания ПКРК стала членом Торгово-промышленной палаты.» … «97,8% положительных регистраций» | источник: https://www.fcrc.ru/about/ | дата факта на странице: 2026 (строка «2026 г.» в этапах развития компании, без числа и месяца) | вариант скрипта: «Увидели на сайте, что вы в сентябре 2026 опубликовали статью о том, как определить необходимость клинических испытаний изделия до регистрации.»",
Марина,Степанова,Управляющий директор,ms@midlandhunt.com,+7 (495) 620 97 80,MidlandHunt,,MidlandHunt,https://midlandhunt.com,А,в,да,управляющий директор,первое лицо,https://midlandhunt.com/team/,страница без даты,,Управляющий директор — именной,https://midlandhunt.com/team/,именной (у ЛПР),"синтаксис: да · MX: да · опубликован на сайте: да · живость ящика: не проверялась, перед запуском — валидатор",2026-10-04,Подбор руководителей,Подбор руководителей: executive search — подбор топ-менеджеров для компаний,«Есть вопрос по подбору Executive Search? Быстрая связь с консультантами кадрового агентства по подбору топ-менеджеров MidlandHunt.» — https://midlandhunt.com/,события нет,B,Москва,Москва и МО,МСК,"Увидели, что в октябре 2025 вы запустили проектный офис организационных решений — новый продукт MidlandHunt по итогам исследования с участием более чем 100 компаний.",https://midlandhunt.com/news/623-midlandhunt-zapuskaet-proektnyij-ofis-organizaczionnyix-reshenij.html,"Предполагаем, что заказы дают знакомые HR-директора, а новым компаниям напрямую никто не пишет.",OK,"вычитка: заменено вручную — скрипт взял статью о карьере из раздела публикаций, а не новость компании; в ленте новостей 2026 года только поздравления с праздниками, из новостей о самой компании взят запуск нового направления | основание: «MidlandHunt запускает проектный офис организационных решений» … «13 октября 2025» … «Новый продукт MidlandHunt стал ответом на вызовы» … «CEO более чем 100 компаний» | источник: https://midlandhunt.com/news/623-midlandhunt-zapuskaet-proektnyij-ofis-organizaczionnyix-reshenij.html | дата факта на странице: 13.10.2025 (без десяти дней год; свежее о самой компании только 15-летие от 19.11.2025 и поздравления) | вариант скрипта: «Увидели, что 30 сентября 2026 вы опубликовали на сайте материал «Бывший подчиненный стал вашим боссом» в разделе новостей.»","адрес из инициалов (ms@); страница команды не менялась с 12.2022, должность подтверждает главная страница"
Татьяна,Долякова,Основатель,dt@propersonnel.ru,,ProPersonnel,,ProPersonnel,https://propersonnel.ru,А,в,да,основатель,первое лицо,https://propersonnel.ru/,страница без даты,,Основатель — именной,https://propersonnel.ru/,именной (у ЛПР),"синтаксис: да · MX: да · опубликован на сайте: да · живость ящика: не проверялась, перед запуском — валидатор",2026-10-04,Подбор руководителей,Подбор руководителей: HR-агентство — executive search и подбор руководителей высшего и среднего звена,"«10 лет помогаем компаниям находить сотрудников высшего и среднего звена. Офисы Москва, Дубай.» — https://propersonnel.ru/",события нет,B,Москва,Москва и МО,МСК,"Увидели на сайте, что вы выступили на конференции ВЕДОМОСТИ «Индустриальная недвижимость» с аналитикой рынка труда — запись от 30 сентября 2026.",https://propersonnel.ru/,"Предполагаем, что заказы дают знакомые HR-директора, а новым компаниям напрямую никто не пишет.",OK,"вычитка: факт скрипта, поправлена формулировка — факт скрипта; письмо уходит самой Татьяне Доляковой, поэтому «вы выступили» вместо её имени в третьем лице; 30.09.2026 — дата новости, а не конференции | основание: «30/09/2026» … «Татьяна Долякова, CEO ProPersonnel, выступила с экспертизой на конференции ВЕДОМОСТИ ""Индустриальная недвижимость""» … «Аналитика рынка труда в индустриальной недвижимости РФ.» | источник: https://propersonnel.ru/ | дата факта на странице: 30.09.2026 (дата новости) | вариант скрипта: «Увидели, что 30 сентября 2026 Татьяна Долякова, CEO ProPersonnel, выступила на конференции ВЕДОМОСТИ «Индустриальная недвижимость» с аналитикой рынка труда.»",адрес из инициалов (dt@); он же в подвале сайта как адрес для заявок на подбор
Оксана,Морсина,"Управляющий партнер, Глава практики подбора руководителей высшего звена",Morsina@regroups.ru,+7 (495) 665-02-10,Regroup,,Regroup,https://regroups.ru,А,в,да,управляющий партнер,первое лицо,https://regroups.ru/solution/executivesearch/,страница без даты,,"Управляющий партнер, Глава практики подбора руководителей высшего звена — именной",https://regroups.ru/solution/executivesearch/,именной (у ЛПР),"синтаксис: да · MX: да · опубликован на сайте: да · живость ящика: не проверялась, перед запуском — валидатор",2026-10-04,Подбор руководителей,"Подбор руководителей: консалтинг по управленческим командам — executive search, оценка и развитие руководителей",«Мы будем рады обсудить ваши задачи и предложить решение» — https://regroups.ru/solution/executivesearch/,события нет,B,Москва,Москва и МО,МСК,"Увидели, что на ПМЭФ 3 июня 2026 вы выступили на площадке «Территория инноваций» с результатами исследования «Кто будет управлять бизнесом в России в 2030 году».",https://regroups.ru/news/8097/,"Предполагаем, что заказы дают знакомые HR-директора, а новым компаниям напрямую никто не пишет.",OK,"вычитка: заменено вручную — скрипт взял очередной выпуск видеопроекта; получателю ближе её собственное выступление на ПМЭФ с исследованием Regroup о руководителях | основание: «3 июня 2026» … «В первый день ПМЭФ 3 июня 2026 года Оксана Морсина, Управляющий партнер Regroup, выступила на площадке «Территория инноваций»» … «с презентацией результатов исследования «Кто будет управлять бизнесом в России в 2030 году».» | источник: https://regroups.ru/news/8097/ | дата факта на странице: 03.06.2026 | вариант скрипта: «Увидели, что в августе 2026 вы опубликовали выпуск проекта «Непростые истории» с [имя], первым заместителем генерального директора Simple Group.»",
Виль,Нигматуллин,Генеральный директор,nigmatullin@eitek.ru,+7 (495) 926-10-80,НПФ ЭИТЭК,Ришатович,ЭИТЭК,https://eitec.ru,А,в,да,генеральный директор,первое лицо,https://eitec.ru/o-kompanii/rukovodstvo/,страница без даты,,Генеральный директор — именной,https://eitec.ru/o-kompanii/rukovodstvo/,именной (у ЛПР),"синтаксис: да · MX: да · опубликован на сайте: да · живость ящика: не проверялась, перед запуском — валидатор",2026-10-04,Инжиниринг и промбезопасность,"Инжиниринг и промбезопасность: инжиниринг — EP/EPC-проекты технологических установок НПЗ, проектирование, R&D",«Давайте обсудим ваш проект! Отправьте нам заявку на консультацию» — https://eitec.ru/,события нет,B,Москва,Москва и МО,МСК,"Увидели, что 9 сентября 2026 на конференции «Нефтегазопереработка-2026» вас наградили как лучшую компанию в группе «Инжиниринговые компании» по рейтингу агентства «ТЭК-Рейтинг».",https://eitec.ru/o-kompanii/otzyvy/,"Предполагаем, что заказы идут с тендеров и по рекомендациям, а напрямую предприятиям никто не пишет.",OK,"вычитка: заменено вручную — у скрипта реорганизация 2021 года; на странице «Отзывы и награды» есть награда сентября 2026 | основание: «Агентство «ТЭК-Рейтинг»: «НПФ ЭИТЭК» — лучшая компания в группе «Инжиниринговые компании»» … «Награждение состоялось 9 сентября 2026 года в Hotel Continental на XVI конференции «Модернизация производств для переработки нефти и газа» («Нефтегазопереработка-2026»).» | источник: https://eitec.ru/o-kompanii/otzyvy/ | дата факта на странице: 09.09.2026 | вариант скрипта: «Увидели на сайте, что в 2021 году вы реорганизовали структурные подразделения НПФ ЭИТЭК в инжиниринговые центры с полным набором специалистов.»","почта на домене eitek.ru: сайт eitec.ru печатает на нём все свои адреса; проектный инжиниринг, отдела продаж на сайте не видно"
Владимир,Волегов,Коммерческий директор,v.volegov@alfamatic.ru,+7 (383) 230-05-40,АЛЬФА ИНЖИНИРИНГ,Сергеевич,АЛЬФА ИНЖИНИРИНГ,https://alfamatic.ru,А,в,да,коммерческий директор,продажи,https://alfamatic.ru/company/staff/,страница без даты,,Коммерческий директор — именной,https://alfamatic.ru/company/staff/,именной (у ЛПР),"синтаксис: да · MX: да · опубликован на сайте: да · живость ящика: не проверялась, перед запуском — валидатор",2026-10-04,Инжиниринг и промбезопасность,Инжиниринг и промбезопасность: инжиниринг — промышленная автоматизация и роботизация производств,«Поможет реализовать любой проект для Вашего предприятия.» (подпись к карточке коммерческого директора) — https://alfamatic.ru/company/staff/,события нет,B,Новосибирск,регионы,МСК+4,"Увидели на сайте, что вы с 2022 года официальный представитель Newamstar в РФ и держите свой сервисный центр, чтобы клиентам не ждать специалиста из Китая.",https://alfamatic.ru/service-and-warranty/servisnyy-tsentr-newamstar,"Предполагаем, что заказы идут с тендеров и по рекомендациям, а напрямую предприятиям никто не пишет.",OK,"вычитка: заменено вручную — у скрипта новость мая 2022 года, лента новостей на ней и обрывается; взят действующий статус со страницы сервиса | основание: «Компания АЛЬФА ИНЖИНИРИНГ с 2022 года является официальным представителем компании Newamstar в РФ.» … «теперь не нужно ждать специалиста из Китая, а можно обратиться в наш сервисный центр» | источник: https://alfamatic.ru/service-and-warranty/servisnyy-tsentr-newamstar | без даты, действующий статус на странице (датированных материалов после 05.2022 на сайте нет) | вариант скрипта: «Увидели, что в мае 2022 года вы объявили о поставках промышленных роботов FANUC и ABB в период санкций.»",
Андрей,Прикмета,Генеральный директор,av@ucstroitel.ru,+7 (343) 344-63-36,Учебный экспертный центр «Строитель»,Валерьевич,УЭЦ Строитель,https://ucstroitel.ru,А,в,да,генеральный директор,первое лицо,https://ucstroitel.ru/contacts/,страница без даты,,Генеральный директор — именной,https://ucstroitel.ru/contacts/,именной (у ЛПР),"синтаксис: да · MX: да · опубликован на сайте: да · живость ящика: не проверялась, перед запуском — валидатор",2026-10-04,Инжиниринг и промбезопасность,"Инжиниринг и промбезопасность: корпоративное обучение по охране труда и промбезопасности, СОУТ, экспертиза промышленной безопасности","«экспертное объединение компаний, деятельность которых ориентирована на обеспечение безопасности труда в организациях с любым видом экономической деятельности»; в контактах есть «Руководитель отдела продаж» — https://ucstroitel.ru/",события нет,B,Екатеринбург,регионы,МСК+2,"Увидели, что 28 августа 2026 вы провели в Екатеринбурге бесплатный семинар об изменениях в Правилах обучения № 2464 и собрали более 150 специалистов и директоров предприятий.",https://ucstroitel.ru/news/post_reliz_seminar_28_08_2026_izmeneniya_v_pravilakh_obucheniya_2464_organizatsiya_vnedreniya_prakti/,"Предполагаем, что заказы идут с тендеров и по рекомендациям, а напрямую предприятиям никто не пишет.",OK,"вычитка: факт скрипта, поправлена формулировка — тот же семинар, что у скрипта, но с цифрой из пост-релиза: бесплатное мероприятие на 150+ участников | основание: «28 августа 2026 года в Екатеринбурге состоялся бесплатный практический семинар, организованный учебным центром «Строитель»» … «Семинар собрал более 150 специалистов по охране труда, руководителей кадровых служб и директоров предприятий Свердловской области.» | источник: https://ucstroitel.ru/news/post_reliz_seminar_28_08_2026_izmeneniya_v_pravilakh_obucheniya_2464_organizatsiya_vnedreniya_prakti/ | дата факта на странице: 28.08.2026 (пост-релиз опубликован 15.09.2026) | вариант скрипта: «Увидели на сайте, что вы провели семинар 28.08.2026 об изменениях в Правилах обучения по охране труда № 2464.»",адрес из инициалов (av@); сайт описывает группу юрлиц
Мария,Манойлова,Директор,mariya@labrf.ru,+7 (347) 262-70-06 (доб. 110),Лаборатория промышленной безопасности,Михайловна,Лаборатория промышленной безопасности,https://labrf.ru,А,в,да,директор,первое лицо,https://labrf.ru/kontakty/,страница без даты,,Директор — именной,https://labrf.ru/kontakty/,именной (у ЛПР),"синтаксис: да · MX: да · опубликован на сайте: да · живость ящика: не проверялась, перед запуском — валидатор",2026-10-04,Инжиниринг и промбезопасность,"Инжиниринг и промбезопасность: экспертиза промышленной безопасности, техническое диагностирование, электролаборатория, неразрушающий контроль",«Работаем по всей России»; «Нам доверяют ведущие компании» — https://labrf.ru/,события нет,B,Уфа,регионы,МСК+2,"Увидели на сайте, что 70% клиентов приходят к вам по рекомендации, а экспертиз промышленной безопасности вы провели более 4000.",https://labrf.ru,"Предполагаем, что остальных клиентов приходится искать самим, а напрямую предприятиям никто не пишет.",OK,"вычитка: факт скрипта, поправлена формулировка — цифра скрипта оставлена, убрано общее «оказываете услуги экспертизы», добавлена доля клиентов по рекомендации с той же страницы | основание: «70% наших клиентов по рекомендации» … «Провели более 4000 экспертиз» | источник: https://labrf.ru | без даты, текущие цифры на главной (новости на сайте обрываются 11.2022) | вариант скрипта: «Увидели на сайте, что вы оказываете услуги экспертизы промышленной безопасности и провели более 4000 экспертиз.»","адрес по имени (mariya@); новости на сайте обрываются 11.2022, страница контактов изменена 04.2026; небольшая фирма"
Дмитрий,Рождественский,Директор,dar@apdar.ru,8 (3822) 53-39-45,ООО «Автоматизация Производств» (apdar.ru),,Автоматизация Производств,https://apdar.ru,А,в,да,директор,первое лицо,https://apdar.ru/company/vacancy/team/,страница без даты,,Директор — именной,https://apdar.ru/company/vacancy/team/,именной (у ЛПР),"синтаксис: да · MX: да · опубликован на сайте: да · живость ящика: не проверялась, перед запуском — валидатор",2026-10-04,Инжиниринг и промбезопасность,"Инжиниринг и промбезопасность: промышленная автоматизация — АСУ ТП, производство шкафов автоматики, проектирование, поставка и монтаж оборудования",«Предоставляем полный комплекс услуг от проектно-изыскательных работ до поставки и монтажа оборудования»; в структуре компании — «Коммерческий отдел» с начальником — https://apdar.ru/,события нет,B,Томск,регионы,МСК+4,"Увидели, что в августе 2026 ваш коммерческий отдел заключил договоры с «Газпром трансгаз Томск» на поставку метрологического оборудования и с «Газпром комплектация» на шкаф телемеханики.",https://apdar.ru/news/novosti-otdelov-za-avgust-2026-g/,"Предполагаем, что заказы идут с тендеров и по рекомендациям, а напрямую предприятиям никто не пишет.",OK,"вычитка: факт скрипта, поправлена формулировка — та же сводка отделов за август 2026; скрипт взял один договор из шести (с ООО «ВТК»), в текст вынесены два самых узнаваемых заказчика | основание: «Новости отделов за август 2026 г» … «01.09.2026» … «Заключен договор с ООО «ГАЗПРОМ ТРАНСГАЗ ТОМСК», предмет договора: Поставка метрологического оборудования.» … «Заключен договор с ООО «ГАЗПРОМ КОМПЛЕКТАЦИЯ», предмет договора: Поставка шкафа телемеханики.» | источник: https://apdar.ru/news/novosti-otdelov-za-avgust-2026-g/ | дата факта на странице: август 2026 (сводка опубликована 01.09.2026) | вариант скрипта: «Увидели на сайте, что вы заключили договор с ООО «ВТК» на поставку комплекта оборудования для оснащения месторождений телеметрией.»",короткий адрес (dar@) в карточке директора
Владимир,Шенявский,Генеральный директор,svv@eds-ekb.ru,8 (343) 286-25-03,ООО «ЭДС» (Екатеринбург),Викторович,ЭДС,https://edc-ekb.ru,А,в,да,генеральный директор,первое лицо,https://edc-ekb.ru/about/,страница без даты,,Генеральный директор — именной,https://edc-ekb.ru/about/,именной (у ЛПР),"синтаксис: да · MX: да · опубликован на сайте: да · живость ящика: не проверялась, перед запуском — валидатор",2026-10-04,Инжиниринг и промбезопасность,"Инжиниринг и промбезопасность: проектирование и монтаж электроснабжения, электромонтаж, электролаборатория, поставка электрооборудования","«Поставки электротехнического оборудования и материалов»; «На сегодняшний день услуги компании ООО «ЭДС» активно востребованы как в промышленном, так и в коммерческом секторе рынка электротехники»; «Компания ЭДС выполняет работы под ключ, начиная с проектирования и до сдачи ЭУ в эксплуатацию» — https://edc-ekb.ru/",события нет,B,Екатеринбург,регионы,МСК+2,"Увидели на сайте, что в декабре 2025 вы реконструировали главный распределительный щит Театра Музыкальной комедии в Екатеринбурге.",https://edc-ekb.ru/rubr/news/,"Предполагаем, что заказы идут с тендеров и по рекомендациям, а напрямую предприятиям никто не пишет.",OK,"вычитка: факт скрипта, поправлена формулировка — у скрипта «выполнили реконструкцию в Театре»; по заголовку записи уточнено, что реконструировали щитовую (ГРЩ). Это единственный проект в ленте с датой, записи выше него идут без дат | основание: «Реконструкция щитовой (ГРЩ) Театра Музыкальной комедии в г Екатеринбурге» … «Компания «ЭДС» выполнила реконструкцию Театра Музыкальной комедии в декабре 2025 года:» … «Внешний вид главного распределительного щита.» | источник: https://edc-ekb.ru/rubr/news/ | дата факта на странице: декабрь 2025 | вариант скрипта: «Увидели на сайте, что вы в декабре 2025 года выполнили реконструкцию в Театре Музыкальной комедии.»","почта на домене eds-ekb.ru, его печатает сам сайт; адрес из инициалов (svv@)"
Татьяна,Алексеева,Директор по маркетингу,tatyana.alekseeva@gcvep.ru,+7 (846) 267-31-53,ГК Волгаэнергопром,,Волгаэнергопром,https://gcvep.ru,А,в,да,директор по маркетингу,маркетинг,https://gcvep.ru/,страница без даты,,Директор по маркетингу — именной,https://gcvep.ru/,именной (у ЛПР),"синтаксис: да · MX: да · опубликован на сайте: да · живость ящика: не проверялась, перед запуском — валидатор",2026-10-04,Промоборудование,"Промоборудование: торгово-инжиниринговая компания — сварочное оборудование, дизельные электростанции (продажа, аренда, сервис), роботизация","В блоке «Наша команда» на главной: «Руководитель отдела продаж в нефтегазовом секторе», «Руководитель управления проектных продаж» — https://gcvep.ru/",выставка,B,Самара,регионы,МСК+1,"Увидели, что вы с 30 сентября по 2 октября 2026 показывали на «ИННОПРОМ. Беларусь» в Минске робототехнический комплекс Тесвел на базе коллаборативного робота DOBOT CR10.",https://gcvep.ru/news/promyshlennye-resheniya-tesvel-na-mezhdunarodnoy-vystavke-innoprom-belarus/,"Предполагаем, что между выставками поток запросов проседает, а сделки длинные и зависят от числа начатых разговоров.",OK,"вычитка: факт скрипта, поправлена формулировка — факт скрипта; убрано «через компанию Тесвел», добавлены даты выставки | основание: «30 сентября 2026» … «Компания Тесвел (входит в ГК Волгаэнергопром) принимает участие в международной промышленной выставке «ИННОПРОМ. Беларусь», которая проходит с 30 сентября по 2 октября в Минском международном выставочном центре BELEXPO.» … «Тесвел представляет робототехнический комплекс для работы со станком на базе коллаборативного робота DOBOT CR10» | источник: https://gcvep.ru/news/promyshlennye-resheniya-tesvel-na-mezhdunarodnoy-vystavke-innoprom-belarus/ | дата факта на странице: 30.09–02.10.2026 (новость от 30.09.2026) | вариант скрипта: «Увидели, что вы через компанию Тесвел представили на выставке «ИННОПРОМ. Беларусь» в Минске робототехнический комплекс для работы со станком на базе коллаборативного робота DOBOT CR10.»",на сайте заявлено 500 сотрудников
Александр,Пупков,Коммерческий директор,pupkov@mztpa.ru,+7 (49234) 2-30-98,ЗАО «ПО «Муромский завод трубопроводной арматуры» (МЗТА),Сергеевич,МЗТА,https://mztpa.ru,А,в,да,коммерческий директор,продажи,https://mztpa.ru/contacts,страница без даты,,Коммерческий директор — именной,https://mztpa.ru/contacts,именной (у ЛПР),"синтаксис: да · MX: да · опубликован на сайте: да · живость ящика: не проверялась, перед запуском — валидатор",2026-10-04,Промоборудование,"Промоборудование: трубопроводная арматура — производство стальных задвижек, сбыт через собственное ПО (эксклюзивный дистрибьютор завода)","«Ключевыми потребителями продукции предприятия являются ПАО «Роснефть», ПАО «Сибур Холдинг», ПАО «Газпромнефть» и др.»; на сайте разделы «Дилеры» и «Контакты отдела продаж» — https://mztpa.ru/about/mztpa",набирают дилеров и партнёров,A,Муром,регионы,МСК,"Увидели, что в июле 2026 вашу продукцию включили в реестр промышленных товаров ЕАЭС и вы открыты к новым партнёрам и дилерам в странах союза.",https://mztpa.ru/about/news/produktsiya-muromskogo-zavoda-truboprovodnoj-armatury-v-reestre-eaes,"Предполагаем, что напрямую потенциальным дилерам пока никто не пишет.",OK,"вычитка: заменено вручную — реестр надёжных партнёров ТПП — слабый крючок для коммерческого директора; в той же ленте есть новость про реестр ЕАЭС с приглашением дилеров | основание: «Наша продукция включена в реестр промышленных товаров государств-членов Евразийского экономического союза.» … «Мы открыты к сотрудничеству с новыми партнерами в странах ЕАЭС. Чтобы получить коммерческое предложение и обсудить условия дилерства» … «Опубликовано: 29 июля 2026» | источник: https://mztpa.ru/about/news/produktsiya-muromskogo-zavoda-truboprovodnoj-armatury-v-reestre-eaes | дата факта на странице: 29.07.2026 | вариант скрипта: «Увидели на сайте, что в августе 2026 года ваш завод внесён в Реестр надежных партнеров Торгово-промышленной палаты Владимирской области.»",Муром — Владимирская обл.
Владимир,Лоскутников,Коммерческий директор,loskutnikov@chelzeo.ru,8 800 444 65 94,ООО «Челябинский завод электрооборудования» (ЧЗЭО),,ЧЗЭО,https://www.chelzeo.ru,А,в,да,коммерческий директор,продажи,https://www.chelzeo.ru/contacts/,страница без даты,,Коммерческий директор — именной,https://www.chelzeo.ru/contacts/,именной (у ЛПР),"синтаксис: да · MX: да · опубликован на сайте: да · живость ящика: не проверялась, перед запуском — валидатор",2026-10-04,Промоборудование,"Промоборудование: электротехническое оборудование — трансформаторные подстанции, КСО, КРУ, НКУ до 35 кВ",«Мы осуществляем производство и поставку более 30 видов электротехнической продукции напряжением до 35 кВ.»; на странице контактов — отдел продаж с двумя руководителями и раздел «Дилеры» — https://www.chelzeo.ru/,события нет,B,Челябинск,регионы,МСК+2,"Увидели, что 30 сентября 2026 вы рассказали о реконструкции подстанции для одного из ведущих приборостроительных предприятий России: монтаж и пусконаладку провели за два рабочих дня.",https://www.chelzeo.ru/press-center/news_company/chzeo_rekonstruiroval_podstantsiyu_dlya_odnogo_iz_veduschih_priborostroitelnyih_predpriyatiy_rossii/,"Предполагаем, что сделки длинные и зависят от числа начатых разговоров, а новых заказчиков системно не ищут.",OK,"вычитка: факт скрипта, поправлена формулировка — факт скрипта, добавлена деталь из самой новости | основание: «ЧЗЭО реконструировал подстанцию для одного из ведущих приборостроительных предприятий России» … «30 сентября 2026» … «выполнила полный комплекс монтажных и пусконаладочных работ» … «Все работы были проведены в течение двух рабочих дней.» | источник: https://www.chelzeo.ru/press-center/news_company/chzeo_rekonstruiroval_podstantsiyu_dlya_odnogo_iz_veduschih_priborostroitelnyih_predpriyatiy_rossii/ | дата факта на странице: 30.09.2026 | вариант скрипта: «Увидели на сайте, что 30 сентября 2026 вы сообщили о реконструкции подстанции для одного из ведущих приборостроительных предприятий России.»",
Дмитрий,Максимов,Коммерческий директор,d.maksimov@zif.su,8 800 200 28 43 (доб. 204),Компрессорный завод «АРСМАШ» (марка ЗИФ),Юрьевич,АРСМАШ,http://zif.su,А,в,да,коммерческий директор,продажи,http://zif.su/contacts/,страница без даты,,Коммерческий директор — именной,http://zif.su/contacts/,именной (у ЛПР),"синтаксис: да · MX: да · опубликован на сайте: да · живость ящика: не проверялась, перед запуском — валидатор",2026-10-04,Промоборудование,"Промоборудование: компрессорное оборудование — производство дизельных, электрических, газовых компрессоров ЗИФ, запчасти и сервис","На странице «Контакты сотрудников» — отдел продаж: «Руководитель отдела продаж», «Руководитель направления проектных продаж», «Менеджер направления продаж ЗИП»; в меню «Оформить запрос», «Сервисные центры» — http://zif.su/contacts/",события нет,B,Санкт-Петербург,Санкт-Петербург,МСК,"Увидели на сайте, что вы единственный в России завод, серийно выпускающий компрессорные блоки, а под маркой ЗИФ с 1931 года произведено более 100 000 компрессоров.",http://zif.su/o-zavode/,"Предполагаем, что сделки длинные и зависят от числа начатых разговоров, а новых заказчиков системно не ищут.",OK,"вычитка: заменено вручную — скрипт взял справочную статью про поршневые компрессоры из блока «Наши новости» (там только такие статьи); взят факт о самом заводе с той же страницы | основание: «Выпускаем компрессорное оборудование под торговой маркой ЗИФ (Арсенал) с 1931 года — за это время произведено более 100 000 компрессоров.» … ««АРСМАШ» — единственный в России завод, серийно выпускающий компрессорные блоки различной мощности» | источник: http://zif.su/o-zavode/ | без даты, текущее описание завода (датированы на сайте только справочные статьи) | вариант скрипта: «Увидели, что в июле 2026 вы опубликовали статью о том, почему поршневые компрессоры удобны и выгодны там, где это важно.»",датированных материалов на сайте нет
Андрей,Корнеев,Коммерческий директор,korneev@compressor-zavod.ru,8 800 551-20-16,ООО «Компрессорный завод» (Краснодар),Викторович,Компрессорный завод,https://compressor-zavod.ru,А,в,да,коммерческий директор,продажи,https://compressor-zavod.ru/kontaktnaya-informatsiya_kqygcrm,страница без даты,,Коммерческий директор — именной,https://compressor-zavod.ru/kontaktnaya-informatsiya_kqygcrm,именной (у ЛПР),"синтаксис: да · MX: да · опубликован на сайте: да · живость ящика: не проверялась, перед запуском — валидатор",2026-10-04,Промоборудование,Промоборудование: компрессорное оборудование — производство и поставка компрессоров и запасных частей,"«ООО ""Компрессорный завод"" уже много лет сотрудничает с российскими и зарубежными заказчиками и поставляет им компрессорное оборудование» — https://compressor-zavod.ru/",события нет,B,Краснодар,регионы,МСК,"Увидели на сайте, что спрос на вашу продукцию есть не только в России, но и в шестидесяти других странах, а история завода насчитывает более шестидесяти лет.",https://compressor-zavod.ru/o-kompanii_28BuLaHF,"Предполагаем, что сделки длинные и зависят от числа начатых разговоров, а новых заказчиков системно не ищут.",OK,"вычитка: заменено вручную — у скрипта новость июня 2021 года, лента на ней обрывается; взято действующее описание со страницы «О компании» | основание: «Большой спрос на товары «Компрессорного завода» наблюдается не только в России, но и в шестидесяти других странах мира.» … «История завода насчитает более шестидесяти лет» | источник: https://compressor-zavod.ru/o-kompanii_28BuLaHF | без даты, текущий текст страницы (новости на сайте не обновлялись с 06.2021) | вариант скрипта: «Увидели на сайте, что в июне 2021 года вы провели обкатку компрессора 3ГП-12/35 под давлением на специализированном стенде.» | крючок слабее остальных: на сайте нет ни одного датированного материала после 2021 года",новости на сайте не обновлялись с 06.2021 — перед отправкой перепроверить должность
Алексей,Драничников,Коммерческий директор,dranichnikovav@zavodmdu.ru,+7 (3843) 991-993,НПП «Завод МДУ»,Владимирович,Завод МДУ,https://zavodmdu.ru,А,в,да,коммерческий директор,продажи,https://zavodmdu.ru/contacts/,страница без даты,,Коммерческий директор — именной,https://zavodmdu.ru/contacts/,именной (у ЛПР),"синтаксис: да · MX: да · опубликован на сайте: да · живость ящика: не проверялась, перед запуском — валидатор",2026-10-04,Промоборудование,"Промоборудование: промышленное оборудование — дегазационные и газоотсасывающие установки, азотные установки, вентиляторы, металлоконструкции","«Опыт предприятия включает разработку, изготовление и внедрение различных технических решений для промышленных предприятий.» — https://zavodmdu.ru/",события нет,B,Новокузнецк,регионы,МСК+4,"Увидели на сайте, что в 2025 году вы запустили специализированный участок по ремонту тяжёлого оборудования — насосов, вентиляторов, компрессоров и двигателей.",https://zavodmdu.ru/company/,"Предполагаем, что сделки длинные и зависят от числа начатых разговоров, а новых заказчиков системно не ищут.",OK,"вычитка: заменено вручную — скрипт взял запись 2024 года; на той же странице есть более свежая — 2025 год, новый участок сервиса | основание: «2025 г.» … «— запуск специализированного участка по ремонту тяжёлого оборудования (насосы, вентиляторы, компрессоры, двигатели).» | источник: https://zavodmdu.ru/company/ | год факта на странице: 2025 (последняя запись хронологии; единственная новость в ленте — выставка 06.2025) | вариант скрипта: «Увидели на сайте, что в 2024 году вы выпустили первую модульную дегазационную установку МДУ-ВП для подземной эксплуатации в шахтах и рудниках.»",
Владимир,Дорошко,Коммерческий директор,v.doroshko@tpchel.ru,+7 351 242-01-93,ООО «Челябинский завод «Теплоприбор» (ЧТП),Владимирович,Теплоприбор,https://tpchel.ru,А,в,да,коммерческий директор,продажи,https://tpchel.ru/contacts/,страница без даты,,Коммерческий директор — именной,https://tpchel.ru/contacts/,именной (у ЛПР),"синтаксис: да · MX: да · опубликован на сайте: да · живость ящика: не проверялась, перед запуском — валидатор",2026-10-04,Промоборудование,"Промоборудование: КИПиА — производство датчиков температуры и давления, уровнемеров, вторичной аппаратуры","«Свои вопросы и заявки просим отправлять на адрес: sales1@tpchel.ru»; на той же странице блок «Региональные представительства» (Москва, Санкт-Петербург, Пермь, Самара) — https://tpchel.ru/contacts/",расширение,A,Челябинск,регионы,МСК+2,"Увидели, что в июле 2026 года вы запустили серийное производство датчиков давления в кислородном исполнении.",https://tpchel.ru/news/novosti_507.html,"Предполагаем, что сделки длинные и зависят от числа начатых разговоров, а новых заказчиков системно не ищут.",OK,"вычитка: сверено со страницей-источником, оставлено как у скрипта | основание: «07.07.2026» … «ООО «ЧТП» объявляет о запуске серийного производства датчиков давления в кислородном исполнении!» … «Старт продаж: Июль 2026» | источник: https://tpchel.ru/news/novosti_507.html | дата факта на странице: 07.07.2026",
Олег,Николаев,Начальник отдела продаж,nikolaev_ov@manotom.com,8 (3822) 288-899 (доб. 482),ОАО «Манотомь» (Томский манометровый завод),Владиславович,Манотомь,https://manotom.com,А,в,да,начальник отдела продаж,продажи,https://manotom.com/contacts/company/,страница без даты,,Начальник отдела продаж — именной,https://manotom.com/contacts/company/,именной (у ЛПР),"синтаксис: да · MX: да · опубликован на сайте: да · живость ящика: не проверялась, перед запуском — валидатор",2026-10-04,Промоборудование,"Промоборудование: КИП — производство манометров, датчиков давления и средств измерения давления","«Мы учитываем интересы клиентов, постоянно совершенствуем и обновляем свою продукцию, стремимся к долгосрочному взаимовыгодному сотрудничеству…»; в шапке — «Многоканальные телефоны службы продаж» — https://manotom.com/",события нет,B,Томск,регионы,МСК+4,"Увидели, что 26 ноября 2025 вы участвовали в форум-выставке «Выбирай своё. Сделано в Томской области», где местные производители устанавливали деловые контакты и показывали продукцию.",https://manotom.ru/about/news/2025/uchastie-oao-manotom-v-forum-vystavke-vybiray-svoye-sdelano-v-tomskoy-oblasti/,"Предполагаем, что сделки длинные и зависят от числа начатых разговоров, а новых заказчиков системно не ищут.",OK,"вычитка: заменено вручную — скрипт взял название кластерного проекта из меню сайта; последняя новость о самой компании — участие в выставке, туда ездил коммерческий блок | основание: «В среду, 26 ноября, в Томске прошла форум-выставка «Выбирай своё. Сделано в Томской области», где ОАО “Манотомь” приняла свое участие.» … «объединило местных производителей для установления деловых контактов и демонстрации продукции» … «От нашей компании приняли участие [имя] (Коммерческий директор)» | источник: https://manotom.ru/about/news/2025/uchastie-oao-manotom-v-forum-vystavke-vybiray-svoye-sdelano-v-tomskoy-oblasti/ | дата факта на странице: 26.11.2025 (год — по разделу новостей /about/news/2025/; за 2026 год новостей на сайте нет) | вариант скрипта: «Увидели на сайте, что вы вместе с ТПУ участвуете в проекте по системам измерения давления, уровня, расхода и плотности на базе интеллектуальных дифференциальных датчиков.»","адрес на manotom.com, сайт переадресует на manotom.ru — возможен возврат письма; новость о форуме-выставке на сайте — от 26.11.2025: как свежий триггер «выставка» не использовать"
Георгий,Эрман,Генеральный директор,erman@kb-agava.ru,+7 (343) 382-01-92,ООО Конструкторское бюро «АГАВА»,Зиновьевич,КБ АГАВА,http://kb-agava.ru,А,в,да,генеральный директор,первое лицо,http://kb-agava.ru/contact,страница без даты,,Генеральный директор — именной,http://kb-agava.ru/contact,именной (у ЛПР),"синтаксис: да · MX: да · опубликован на сайте: да · живость ящика: не проверялась, перед запуском — валидатор",2026-10-04,Промоборудование,"Промоборудование: промышленная автоматизация — автоматика котельных, шкафы управления, программируемые контроллеры, измерительные приборы","«Шкафы и щиты управления по ТЗ заказчика»; в шапке «34 ГОДА НА РЫНКЕ АВТОМАТИЗАЦИИ», отдельные ящики «Прием заказов» и «Отдел маркетинга» — http://kb-agava.ru/",события нет,B,Екатеринбург,регионы,МСК+2,"Увидели, что 23 сентября 2026 вы представили две новые модели частотных преобразователей ERMANGIZER для насосов — ERG-220-05R и ERG-220-06.",https://www.kb-agava.ru/index.php?route=information/news/news&news_id=69,"Предполагаем, что сделки длинные и зависят от числа начатых разговоров, а новых заказчиков системно не ищут.",OK,"вычитка: заменено вручную — у скрипта ошибка: на странице «АГАВА готовит к выпуску новую версию AgavaPLC 1.7», а в тексте стояло «выпустили»; взята более свежая новость о новом продукте | основание: «Новые модели ERMANGIZER» … «КБ «АГАВА» представляет две новые модели частотных преобразователей» … «ERG-220-05R» … «ERG-220-06» | источник: https://www.kb-agava.ru/index.php?route=information/news/news&news_id=69 | дата факта на странице: 23.09.2026 (дата стоит в ленте на главной https://www.kb-agava.ru/) | вариант скрипта: «Увидели на сайте, что вы выпустили новую версию AgavaPLC 1.7 в сентябре 2026 года.»",
Алексей,Жаров,Руководитель отдела продаж,zaa@elprovod.ru,8 (495) 542-59-91,АО «Электропровод»,Алексеевич,Электропровод,https://elprovod.ru,А,в,да,руководитель отдела продаж,продажи,https://elprovod.ru/contact,страница без даты,,Руководитель отдела продаж — именной,https://elprovod.ru/contact,именной (у ЛПР),"синтаксис: да · MX: да · опубликован на сайте: да · живость ящика: не проверялась, перед запуском — валидатор",2026-10-04,Промоборудование,"Промоборудование: электротехнические комплектующие — производство кабельно-проводниковой продукции (оптоволоконные и специальные кабели, провода)","На странице контактов: «Отдел продаж: 8 (495) 542-59-91», в блоке «Отдел продаж» — руководитель и ведущие менеджеры продаж; в меню раздел «Партнеры» — https://elprovod.ru/contact",события нет,B,Подольск,Москва и МО,МСК,"Увидели на сайте, что в 2025 году вы получили сертификат NDK и вошли в реестр одобренных поставщиков для атомных объектов Турции — шаг в развитии экспортного направления.",https://elprovod.ru/index.php/page/elektroprovod-poluchil-sertifikat-ndk,"Предполагаем, что сделки длинные и зависят от числа начатых разговоров, а новых заказчиков системно не ищут.",OK,"вычитка: заменено вручную — экскурсия для студентов ничего не говорит руководителю отдела продаж; новости 2026 года — субботник, поздравления и обзор Cabex без слов об участии завода; взят действующий экспортный статус | основание: «Электропровод получил сертификат NDK» … «наш завод включён в реестр одобренных поставщиков для атомных объектов на территории Турции - это важный шаг в развитии экспортного направления» | источник: https://elprovod.ru/index.php/page/elektroprovod-poluchil-sertifikat-ndk | дата факта на странице: 12.05.2025 (дата стоит в ленте https://elprovod.ru/zavod/news); старше 12 месяцев, год назван в тексте | вариант скрипта: «Увидели, что в апреле 2026 года вы провели на заводе «Электропровод» экскурсию для студентов МЭИ.» | решение спорное: факт старше года, но это действующий статус и единственная новость про сбыт",адрес из инициалов (zaa@)
Андрей,Столяров,Коммерческий директор,stolyarov@termotronic.ru,+7 (812) 326-10-50 (доб. 2059),ООО «ТЕРМОТРОНИК»,Николаевич,ТЕРМОТРОНИК,https://termotronic.ru,А,в,да,коммерческий директор,продажи,https://termotronic.ru/contacts/,страница без даты,,Коммерческий директор — именной,https://termotronic.ru/contacts/,именной (у ЛПР),"синтаксис: да · MX: да · опубликован на сайте: да · живость ящика: не проверялась, перед запуском — валидатор",2026-10-04,Промоборудование,"Промоборудование: КИПиА — производство теплосчётчиков и расходомеров, приборы учёта для промышленности и ЖКХ",«ТЕРМОТРОНИК поставляет спектр контрольно - измерительных приборов и оборудования для КИПиА в технологиии и ЖКХ.»; на странице контактов — сеть региональных партнёров с закреплёнными менеджерами — https://termotronic.ru/,выставка,A,Санкт-Петербург,Санкт-Петербург,МСК,"Увидели, что на «АГРОПРОДМАШ-2026» (28 сентября — 1 октября) вы приглашали на свой стенд смотреть в работе оборудование для учёта расхода на пищевых производствах.",https://termotronic.ru/news/,"Предполагаем, что между выставками поток запросов проседает, а сделки длинные и зависят от числа начатых разговоров.",OK,"вычитка: заменено вручную — приглашение на вебинар — рядовое событие (они проходят у компании почти каждый месяц); коммерческому директору ближе стенд на отраслевой выставке из той же ленты | основание: «2026-09-23» … «Приглашаем на «АГРОПРОДМАШ-2026»!» … «Компания «ТЕРМОТРОНИК» приглашает вас посетить наш стенд 28 сентября — 1 октября. Москва, МВЦ «Крокус Экспо».» … «Мы не просто представим оборудование для учета расхода на пищевых производствах, но и продемонстрируем его в работе.» | источник: https://termotronic.ru/news/ | дата факта на странице: 28.09–01.10.2026 (приглашение от 23.09.2026; итогов выставки на сайте ещё нет) | вариант скрипта: «Увидели, что в сентябре 2026 вы пригласили на технический вебинар ТЕРМОТРОНИК, который был назначен на 1 октября.»",
Федор,Митюков,Коммерческий директор,mfv@kanmash.ru,8 800 250-75-00,ООО «Канмаш ДСО» (Канашский машиностроительный завод),Валерьевич,Канмаш,http://kanmash.ru,А,в,да,коммерческий директор,продажи,http://kanmash.ru/kontakty.html,страница без даты,,Коммерческий директор — именной,http://kanmash.ru/kontakty.html,именной (у ЛПР),"синтаксис: да · MX: да · опубликован на сайте: да · живость ящика: не проверялась, перед запуском — валидатор",2026-10-04,Промоборудование,Промоборудование: промышленное оборудование — производство дробильно-сортировочного и размольного оборудования,"«Канмаш: продажа дробильно сортировочного оборудования от изготовителя»; на странице контактов — разделы «Представительства», «Сотрудничество» и специалисты по продажам по регионам — http://kanmash.ru/",выставка,A,Канаш,регионы,МСК,"Увидели, что на Mining & Metals Central Asia 2026 в Алматы 16–18 сентября вы провели серию встреч с горнодобывающими предприятиями и получили предварительные запросы на поставку оборудования.",http://kanmash.ru/itogi-mmca-2026-vstrechi-peregovory-novye-vozmozhnosti.html,"Предполагаем, что между выставками поток запросов проседает, а сделки длинные и зависят от числа начатых разговоров.",OK,"вычитка: заменено вручную — у скрипта заводские испытания питателя без года; коммерческому директору ближе итоги выставки из той же ленты: встречи и запросы на поставку | основание: «22 сентября 2026» … «Делегация завода «Канмаш ДСО» приняла участие в работе 31-й международной выставки Mining & Metals Central Asia 2026, прошедшей 16–18 сентября в Алматы.» … «Специалисты завода провели серию встреч с представителями горнодобывающих предприятий Казахстана и стран Центральной Азии» … ««Канмаш ДСО» получила ряд предварительных запросов на поставку оборудования» | источник: http://kanmash.ru/itogi-mmca-2026-vstrechi-peregovory-novye-vozmozhnosti.html | дата факта на странице: 16–18.09.2026 (новость от 22.09.2026) | вариант скрипта: «Увидели на сайте, что вы 28 сентября проводите приёмо-сдаточные испытания ленточного питателя.»",Канаш — Чувашская Республика · адрес из инициалов (mfv@)
Юлия,Недвига,Начальник отдела маркетинга,nedviga_ua@penzmash.ru,8 (8412) 36-96-21,ПАО «Пензмаш»,Анатольевна,Пензмаш,https://penzmash.ru,А,в,да,начальник отдела маркетинга,маркетинг,https://penzmash.ru/contacts/,страница без даты,,Начальник отдела маркетинга — именной,https://penzmash.ru/contacts/,именной (у ЛПР),"синтаксис: да · MX: да · опубликован на сайте: да · живость ящика: не проверялась, перед запуском — валидатор",2026-10-04,Промоборудование,"Промоборудование: машиностроение — оборудование для пищевой промышленности и сельхозтехника (жатки «ОЗОН»), продажи через дилеров","«ПАО «Пензмаш» и дилер «ВМ-Агро» представили универсальную жатку «ОЗОН» на «Дне Поля-2026» в Нижнем Новгороде»; в меню разделы «Дилерам» и «Дилеры жаток «ОЗОН»», в контактах — «Служба маркетинга и реализации» — https://penzmash.ru/",выставка,B,Пенза,регионы,МСК,"Увидели, что к выставке «АГРОСАЛОН» 6–9 октября 2026 вы подготовили новинку — 10-метровую очёсывающую жатку «ОЗОН».",https://penzmash.ru/vistavki/penzmash-priglashaet-na-vistavku-agrosalon-2026/,"Предполагаем, что между выставками поток запросов проседает, а сделки длинные и зависят от числа начатых разговоров.",OK,"вычитка: факт скрипта, поправлена формулировка — факт скрипта; добавлены даты выставки, а «приглашаете… представите» заменено формулировкой, которая останется верной и после 9 октября | основание: «ПАО «Пензмаш» приглашает на выставку «АГРОСАЛОН»: представим нашу новинку – 10-метровую жатку «ОЗОН»!» … «15.09.2026» … «с 6 по 9 октября» … «новинка нашего производства – 10-метровая очёсывающая жатка «ОЗОН»» | источник: https://penzmash.ru/vistavki/penzmash-priglashaet-na-vistavku-agrosalon-2026/ | дата факта на странице: выставка 06–09.10.2026 (приглашение от 15.09.2026) | вариант скрипта: «Увидели на сайте, что вы приглашаете на выставку «АГРОСАЛОН» и представите там новинку — 10-метровую жатку «ОЗОН».»",«АГРОСАЛОН» 06–09.10.2026: после этой даты формулировку факта перевести в прошедшее время
Дмитрий,Пономарев,Коммерческий директор,dp@utz-arm.ru,8 (800) 250-06-45,ООО «УТЗ» (Уральский Трубопроводный Завод),Вячеславович,УТЗ,https://utz-arm.ru,А,в,да,коммерческий директор,продажи,https://utz-arm.ru/company/staff/,страница без даты,,Коммерческий директор — именной,https://utz-arm.ru/company/staff/,именной (у ЛПР),"синтаксис: да · MX: да · опубликован на сайте: да · живость ящика: не проверялась, перед запуском — валидатор",2026-10-04,Промоборудование,"Промоборудование: трубопроводная арматура — комплексные поставки задвижек, затворов, клапанов и элементов трубопровода, производство под заказ","«Комплексно поставляем магистральную арматуру: задвижки, затворы, клапаны, отводы, тройники, фланцы, переходы - все это исключительного качества и по ценам производителя.» — https://utz-arm.ru/",события нет,B,Екатеринбург,регионы,МСК+2,"Увидели на сайте, что магистральную арматуру Ду400-1200 вы всегда держите в наличии, а любые задвижки поставляете под заказ со сроком от 30 рабочих дней.",https://utz-arm.ru,"Предполагаем, что сделки длинные и зависят от числа начатых разговоров, а новых заказчиков системно не ищут.",OK,"вычитка: заменено вручную — у скрипта новость июня 2021 года, лента на ней обрывается; взяты действующие условия поставки с главной | основание: «Магистральная арматура Ду400-1200 всегда в наличии» … «Любые задвижки под заказ со сроком от 30 рабочих дней» | источник: https://utz-arm.ru | без даты, текущий текст главной (в подвале © 2026; новости на сайте не обновлялись с 06.2021) | вариант скрипта: «Увидели на сайте, что вы в июне 2021 года объявили о запуске цеха бронзового литья.»",адрес из инициалов (dp@)
Артем,Ядров,Коммерческий директор,yam@snol-term.ru,+7 (4822) 399-579,ООО «СНОЛ-ТЕРМ»,Михайлович,СНОЛ-ТЕРМ,https://snol-term.ru,А,в,да,коммерческий директор,продажи,https://snol-term.ru/kontakty/,страница без даты,,Коммерческий директор — именной,https://snol-term.ru/kontakty/,именной (у ЛПР),"синтаксис: да · MX: да · опубликован на сайте: да · живость ящика: не проверялась, перед запуском — валидатор",2026-10-04,Промоборудование,"Промоборудование: лабораторное оборудование — поставщик лабораторного оборудования SNOL и FG (электропечи), сервис, ремонт и аттестация","«Являясь добросовестным поставщиком, «СНОЛ-ТЕРМ» поставляет только новые, официально ввезенные в Россию приборы»; в заголовке — «поставка и сервис по РФ и странам ЕАЭС» — https://snol-term.ru/",события нет,B,Тверь,регионы,МСК,"Увидели на сайте, что вы 26 лет поставляете печи и шкафы SNOL и в июле 2026 отметили рост запросов на ремонт оборудования возрастом от 10 до 20 лет.",https://snol-term.ru/news/remont-oborudovaniya-snol-pomogaem-prodlit-srok-sluzhby-pechej-i-shkafov/,"Предполагаем, что сделки длинные и зависят от числа начатых разговоров, а новых заказчиков системно не ищут.",OK,"вычитка: факт скрипта, поправлена формулировка — вместо «опубликовали новость о ремонте оборудования» вынесена суть новости — рост запросов на ремонт; коммерческому директору это про спрос. Источник — страница самой новости, а не лента | основание: «10.07.2026» … «Уже 26 лет мы поставляем муфельные печи и сушильные шкафы SNOL» … «В последнее время к нам стало поступать больше запросов на ремонт печей и шкафов возрастом от 10 до 20 лет» | источник: https://snol-term.ru/news/remont-oborudovaniya-snol-pomogaem-prodlit-srok-sluzhby-pechej-i-shkafov/ | дата факта на странице: 10.07.2026 | вариант скрипта: «Увидели, что в июле 2026 вы опубликовали новость о ремонте оборудования SNOL, который помогает продлить срок службы печей и шкафов.»",адрес из инициалов (yam@)
Денис,Пашнин,Коммерческий директор,pashnin@ecohim.ru,+7 (812) 322-96-00,ООО «ЭКРОСХИМ» (ГК «ЭКРОС»),Аркадьевич,ЭКРОСХИМ,https://ecohim.ru,А,в,да,коммерческий директор,продажи,https://ecohim.ru/contacts/,страница без даты,,Коммерческий директор — именной,https://ecohim.ru/contacts/,именной (у ЛПР),"синтаксис: да · MX: да · опубликован на сайте: да · живость ящика: не проверялась, перед запуском — валидатор",2026-10-04,Промоборудование,"Промоборудование: лабораторное оборудование — производитель общелабораторного и аналитического оборудования и лабораторной мебели, комплексное оснащение лабораторий","На странице контактов — блок «Наш отдел продаж», ящик «sale@ecohim.ru - Почта для Ваших заявок», кнопка «Получить КП» — https://ecohim.ru/contacts/",выставка,A,Санкт-Петербург,Санкт-Петербург,МСК,"Увидели, что вы приглашаете на свой стенд на выставке «Pharmtech & Ingredients 2026» в МВЦ «Крокус Экспо» с 24 по 27 ноября.",https://www.ecohim.ru/news/priglashaem-na-vystavku-pharmtech-ingredients-2026-,"Предполагаем, что между выставками поток запросов проседает, а сделки длинные и зависят от числа начатых разговоров.",OK,"вычитка: сверено со страницей-источником, оставлено как у скрипта — приглашение опубликовано 30.09.2026, выставка впереди; коммерческому директору это ближайшая точка продаж. В ленте есть некролог основателя компании от 16.08.2026 — тон письма держать спокойным | основание: «Опубликовано: 30.09.2026» … «Компания «ЭКРОСХИМ» приглашает Вас посетить наш выставочный стенд № C8031 в павильоне 2, зал 8 на выставке «Pharmtech & Ingredients 2026», которая проводится с 24 по 27 ноября, в Москве, в МВЦ «Крокус Экспо».» | источник: https://www.ecohim.ru/news/priglashaem-na-vystavku-pharmtech-ingredients-2026- | дата факта на странице: 30.09.2026 (выставка 24–27.11.2026) | вариант скрипта: «Увидели, что вы приглашаете на свой стенд на выставке «Pharmtech & Ingredients 2026» в МВЦ «Крокус Экспо» с 24 по 27 ноября.»",на сайте 230+ сотрудников · «Pharmtech & Ingredients» 24–27.11.2026: после этой даты формулировку факта перевести в прошедшее время
Дмитрий,Акименко,Коммерческий директор,da@ks19.ru,+7 (495) 798-29-98,"КомплектСнаб (ИНН 5020086372, по реквизитам на сайте)",Олегович,КомплектСнаб,https://ks20.ru,А,в,да,коммерческий директор,продажи,https://ks20.ru/contact-us,страница без даты,,Коммерческий директор — именной,https://ks20.ru/contact-us,именной (у ЛПР),"синтаксис: да · MX: да · опубликован на сайте: да · живость ящика: не проверялась, перед запуском — валидатор",2026-10-04,Промоборудование,"Промоборудование: лабораторное оборудование — поставщик лабораторного оборудования и контрольно-измерительных приборов, комплексное оснащение лабораторий","«Выгодные цены от прямых производителей, система скидок, индивидуальные условия оплаты для постоянных клиентов»; на странице контактов — блок «Отдел продаж» с руководителем проектных продаж — https://ks20.ru/",события нет,B,Клин,Москва и МО,МСК,"Увидели на сайте, что в ноябре 2025 вы приглашали на свой стенд на 28-й Международной выставке «ХИМИЯ-2025» в Москве.",https://ks20.ru/index.php?route=information/uni_news_story&news_path=1&news_id=53,"Предполагаем, что сделки длинные и зависят от числа начатых разговоров, а новых заказчиков системно не ищут.",OK,"вычитка: факт скрипта, поправлена формулировка — у скрипта «анонсировали участие… в выставке, которая прошла»; на странице только анонс и приглашение на стенд, итогов нет, поэтому сказано «приглашали на свой стенд». Источник — страница самой новости. Свежее записей о компании нет; сертификат «Лидер тендерных продаж» ЭТП Tender.Pro ближе к сбыту, но он от 23.01.2025, старше года | основание: ««КомплектСнаб» примет участие в 28-й Международной выставке «ХИМИЯ-2025», которая пройдет с 10 по 13 ноября 2025 года в Москве, ВК «Тимирязев Центр».» … «Наш стенд: зал «Немчинов», стенд 16С30.» … «Ждем Вас на нашем стенде!» … «10.11.2025» | источник: https://ks20.ru/index.php?route=information/uni_news_story&news_path=1&news_id=53 | дата факта на странице: 10.11.2025 (выставка 10–13.11.2025) | вариант скрипта: «Увидели, что вы анонсировали участие в 28-й Международной выставке «ХИМИЯ-2025», которая прошла с 10 по 13 ноября 2025 года.»","почта на домене ks19.ru, его печатает сам сайт; адрес из инициалов (da@); юрлицо на сайте названо только реквизитами"
Александр,Петровский,Руководитель отдела продаж,A.Petrovskiy@siplus.ru,+7 (495) 789-36-64 (доб. 1),ООО «Сигм плюс инжиниринг»,,Сигм плюс инжиниринг,https://massflow.ru,А,в,да,руководитель отдела продаж,продажи,https://massflow.ru/contacts/,страница без даты,,Руководитель отдела продаж — именной,https://massflow.ru/contacts/,именной (у ЛПР),"синтаксис: да · MX: да · опубликован на сайте: да · живость ящика: не проверялась, перед запуском — валидатор",2026-10-04,Промоборудование,"Промоборудование: лабораторное и технологическое газовое оборудование — расходомеры и регуляторы расхода газа, системы газоподготовки (собственное производство и поставки)",«Мы работаем только с юридическими лицами!»; на той же странице — «Многоканальный телефон Отдел продаж» — https://massflow.ru/contacts/,события нет,B,Москва,Москва и МО,МСК,"Увидели на сайте, что в декабре 2025 вы добавили в портфолио портативные ламинарные расходомеры YIDU серии T.",https://www.massflow.ru/news/novinka-portativnye-vysokotochnye-rashodomery-i-regulyatory-rashoda-gaza/,"Предполагаем, что сделки длинные и зависят от числа начатых разговоров, а новых заказчиков системно не ищут.",OK,"вычитка: сверено со страницей-источником, оставлено как у скрипта — свежее в ленте только новогоднее поздравление от 30.12.2025; руководителю отдела продаж новая линейка — новый товар для продажи. Источником поставлена страница самой новости: лента https://www.massflow.ru/news/, которую читал скрипт, при повторной проверке 03.10.2026 отвечала HTTP 500 | основание: «Новинка! Портативные высокоточные расходомеры и регуляторы расхода газа» … «18 декабря 2025» … «Ламинарные расходомеры переменного перепада давления YIDU серии T – новые портативные приборы в портфолио нашей компании.» | источник: https://www.massflow.ru/news/novinka-portativnye-vysokotochnye-rashodomery-i-regulyatory-rashoda-gaza/ | дата факта на странице: 18.12.2025 | вариант скрипта: «Увидели на сайте, что в декабре 2025 вы добавили в портфолио портативные ламинарные расходомеры YIDU серии T.»","почта на домене siplus.ru, его печатает сам сайт"
Вера,Калугина,Директор по продажам,kalugina.v@bzpa.ru,+7 (383) 375 96 06,ООО «БЗПА»,Сергеевна,БЗПА,https://bzpa.ru,А,в,да,директор по продажам,продажи,https://bzpa.ru/company/team/,страница без даты,,Директор по продажам — именной,https://bzpa.ru/company/team/,именной (у ЛПР),"синтаксис: да · MX: да · опубликован на сайте: да · живость ящика: не проверялась, перед запуском — валидатор",2026-10-04,Промоборудование,"Промоборудование: электротехника — производство и комплексные поставки ИБП, АКБ, УЗИП, блоков питания","«Комплексные поставки оборудования: ИБП (источники бесперебойного питания), АКБ (аккумуляторные батареи), УЗИП (устройства защиты от импульсных перенапряжений)…»; на странице команды — отдел продаж по городам — https://bzpa.ru/",выставка,A,Брянск,регионы,МСК,"Увидели, что 4–7 июня 2026 на форуме «Уголь России и Майнинг» в Новокузнецке вы провели серию встреч с промышленными предприятиями Кузбасса и Западной Сибири.",https://bzpa.ru/company/news/vektor-na-vostok-bzpa-ukreplyaet-poziczii-v-promyshlennom-serdcze-sibiri/,"Предполагаем, что между выставками поток запросов проседает, а сделки длинные и зависят от числа начатых разговоров.",OK,"вычитка: заменено вручную — скрипт взял новость о бережливом производстве (система 5С, 20.07.2026): она про цех, а не про сбыт; директору по продажам ближе выход на рынок Западной Сибири — встречи с заказчиками на форуме и работа через новосибирский филиал, его номер и стоит в карточке адресата | основание: «17 июня 2026» … «XXXIV международном горнопромышленном форуме «Уголь России и Майнинг», который прошел с 4 по 7 июня 2026 года в Новокузнецке» … «представители завода провели серию стратегических встреч с промышленными предприятиями Кузбасса и других регионов Западной Сибири» | источник: https://bzpa.ru/company/news/vektor-na-vostok-bzpa-ukreplyaet-poziczii-v-promyshlennom-serdcze-sibiri/ | дата факта на странице: 17.06.2026 (форум 4–7.06.2026) | вариант скрипта: «Увидели на сайте, что в июле 2026 года вы писали о развитии системы 5С в рамках федерального проекта «Производительность труда».»",телефон в карточке — номер новосибирского офиса (офисы продаж также в Москве и Санкт-Петербурге); на сайте 380+ сотрудников
Анатолий,Лукин,Генеральный директор,lukin@mmp-irbis.ru,+7 (495) 927-10-16,ООО «ММП-Ирбис»,Владимирович,ММП-Ирбис,https://mmp-irbis.ru,А,в,да,генеральный директор,первое лицо,https://mmp-irbis.ru/contacts/,страница без даты,,Генеральный директор — именной,https://mmp-irbis.ru/contacts/,именной (у ЛПР),"синтаксис: да · MX: да · опубликован на сайте: да · живость ящика: не проверялась, перед запуском — валидатор",2026-10-04,Промоборудование,"Промоборудование: силовая электроника — производитель модулей и блоков питания, преобразователей напряжения, контрактная сборка","««ММП-Ирбис» не просто продает источники питания, — мы проектируем, разрабатываем и поставляем устройства силовой электроники»; в меню — раздел «Дистрибьюторы» — https://mmp-irbis.ru/",события нет,B,Москва,Москва и МО,МСК,"Увидели на сайте, что в ноябре 2025 вы представили новые модули питания AC/DC серии АДС на DIN-рейку в узком корпусе 30 мм и с трёхлетней гарантией.",https://www.mmp-irbis.ru/company/blog/novye-moduli-pitaniya-ac-dc-se/,"Предполагаем, что сделки длинные и зависят от числа начатых разговоров, а новых заказчиков системно не ищут.",OK,"вычитка: факт скрипта, поправлена формулировка — добавлена конкретика со страницы новости — корпус 30 мм и гарантия 3 года. Запись от 02.03.2026 в ленте свежее, но в ней только объявление о выставке «Электроника России», об участии компании ни слова | основание: «Новые модули питания AC/DC серии АДС на DIN рейку» … «5 ноября 2025» … «ключевой особенностью является узкий корпус 30мм» … «3-летней гарантии» | источник: https://www.mmp-irbis.ru/company/blog/novye-moduli-pitaniya-ac-dc-se/ | дата факта на странице: 05.11.2025 | вариант скрипта: «Увидели на сайте, что в ноябре 2025 вы представили новые модули питания AC/DC серии АДС на DIN-рейку.»",
Дмитрий,Пономарев,Руководитель отдела проектных продаж,ponomarev@f-elres.ru,+7 812 241-14-51,ООО «Бранум» (сайт «Фаворит-Электро»),,Бранум,https://f-elres.ru,А,в,да,руководитель отдела,продажи,https://f-elres.ru/contacts/,страница без даты,,Руководитель отдела проектных продаж — именной,https://f-elres.ru/contacts/,именной (у ЛПР),"синтаксис: да · MX: да · опубликован на сайте: да · живость ящика: не проверялась, перед запуском — валидатор",2026-10-04,Промдистрибуция,"Промдистрибуция: электротехника — поставка электротехнического оборудования (среднее напряжение 6–35 кВ, вакуумные выключатели, молниезащита и заземление); собственный инжиниринговый центр","«Помощь в проектировании и предоставление готовых решений проектным организациям, а также обучение монтажных организаций работе с поставляемой продукцией» — https://f-elres.ru/",события нет,B,Санкт-Петербург,Санкт-Петербург,МСК,"Увидели на сайте, что вы поставили светотехническое оборудование для комплекса по переработке этансодержащего газа и производству СПГ в Усть-Луге.",https://f-elres.ru/projects/kompleks-po-pererabotke-etansoderzhashchego-gaza-i-proizvodstvu-spg/,"Предполагаем, что продажи держатся на постоянных клиентах, а искать новых снабженцев заводов менеджерам некогда.",OK,"вычитка: заменено вручную — скрипт взял общую фразу с главной о собственном инжиниринговом центре; руководителю отдела проектных продаж ближе конкретный объект из раздела «Проекты». На странице компания названа «Бранум» (ранее «Фаворит-Электро»), в подвале сайта — ООО «Бранум», поэтому в колонке «компания_в_письме» стоит «Бранум» (сверено 04.10.2026) | основание: «Комплекс по переработке этансодержащего газа и производству СПГ» … «п. Усть-Луга, Ленинградская область» … «на текущий 2025 год активно продолжается» … «компания «Бранум» (ранее «Фаворит-Электро») выступила в качестве поставщика светотехнического оборудования» | источник: https://f-elres.ru/projects/kompleks-po-pererabotke-etansoderzhashchego-gaza-i-proizvodstvu-spg/ | без даты: числа и месяца на странице проекта нет, в тексте — «на текущий 2025 год» | вариант скрипта: «Увидели на сайте, что у «Бранум» есть собственный инжиниринговый центр, который проектирует и оптимизирует технические решения по кабеленесущим системам и эстакадам.»","руководитель одного из отделов продаж (проектные продажи); дат на сайте нет, разделы новостей и «о компании» заполнены демо-текстом шаблона"
Ян,Боксинер,Генеральный директор,yan.boksiner@elmatec.ru,+7 (499) 707-7071 (доб. 101),ООО «ЭЛМАТЕК»,,ЭЛМАТЕК,https://elmatec.ru,А,в,да,генеральный директор,первое лицо,https://elmatec.ru/i/about/,страница без даты,,Генеральный директор — именной,https://elmatec.ru/i/about/,именной (у ЛПР),"синтаксис: да · MX: да · опубликован на сайте: да · живость ящика: не проверялась, перед запуском — валидатор",2026-10-04,Промдистрибуция,"Промдистрибуция: электротехника — дистрибьютор электроизоляционных материалов (Von Roll, DuPont и др.) для электротехники и машиностроения",«Наши поставщики – крупнейшие производители высокотехнологичных электроизоляционных материалов для любых производств»; приглашение на свой стенд на выставке «ЭЛЕКТРО 2026» — https://elmatec.ru/,выставка,B,Москва,Москва и МО,МСК,"Увидели, что вы приглашаете партнёров на свой стенд B125 на Международном форуме «Электрические сети» 17–19 ноября в ВК «Тимирязев Центр».",https://elmatec.ru/n/,"Предполагаем, что продажи держатся на постоянных клиентах, а искать новых снабженцев заводов менеджерам некогда.",OK,"вычитка: сверено со страницей-источником, оставлено как у скрипта — приглашение опубликовано 30.09.2026, форум впереди; это самая свежая запись в ленте, генеральному директору — ближайшее событие компании | основание: «30/09/2026 ЭЛМАТЕК приглашает посетить свой стенд на выставке МФЭС-2026» … «Приглашаем наших партнёров посетить стенд компании ЭЛМАТЕК на Международном Форуме ""Электрические сети"", проходящем 17-19 ноября в ВК «ТИМИРЯЗЕВ ЦЕНТР». Наш стенд B125 (зал Чаянов).» | источник: https://elmatec.ru/n/ | дата факта на странице: 30.09.2026 (форум 17–19.11.2026) | вариант скрипта: «Увидели, что вы приглашаете партнёров на свой стенд B125 на Международном форуме «Электрические сети» 17–19 ноября в ВК «Тимирязев Центр».»",в подвале сайта «© 2004-2024»; на главной — приглашения на выставки 2026 года · форум «Электрические сети» 17–19.11.2026: после этой даты формулировку факта перевести в прошедшее время
Андрей,Морару,Коммерческий директор,andrey.moraru@simbio.ru,+7 (495) 984-53-11,ГК «СИМБИО»,Семенович,СИМБИО,https://simbio.ru,А,в,да,коммерческий директор,продажи,https://simbio.ru/mdzh/kontakty/,2026-03,,Коммерческий директор — именной,https://simbio.ru/mdzh/kontakty/,именной (у ЛПР),"синтаксис: да · MX: да · опубликован на сайте: да · живость ящика: не проверялась, перед запуском — валидатор",2026-10-04,Оптовая дистрибуция,"Оптовая дистрибуция: ветеринарные препараты, кормовые добавки, корма и оборудование для сельхозпроизводителей и зообизнеса","Мета-описание главной страницы: «Основным видом деятельности Группы Компаний „СИМБИО“ является реализация ветеринарных препаратов, кормовых добавок, ферментов, кормов, продуктов для дезинфекции, диагностических наборов и оборудования, как для производителей сельскохозяйственной продукции, так и владельцев собак и кошек, ветеринарных клиник, профессиональных заводчиков и зоомагазинов»; на странице контактов — менеджеры по ключевым клиентам и региональным продажам — https://simbio.ru/",события нет,B,Москва,Москва и МО,МСК,"Увидели, что в августе 2026 у вас в СИМБИО-Клубе появилась новинка бренда «Территория» — стартер для щенков с индейкой и морошкой.",https://simbio.ru/mdzh/dlya-zdorovya-malysha-star-te-ry-2/,"Предполагаем, что продажи держатся на постоянной базе, а искать новые компании менеджерам некогда.",OK,"вычитка: факт скрипта, поправлена формулировка — факт скрипта, но у него вышло «вы опубликовали материал»: на странице это новость о новом продукте в ассортименте, так и сказано; ссылка заменена с главной на саму новость; более свежая запись от 15.09.2026 — поздравление «СИМБИО — 23 года!», коммерческому директору она ничего не даёт | основание: «06 Авг» … «В СИМБИО-Клуб поступила новинка для щенков от бренда «Территория»» … «Стартер «Территория» Индейка с морошкой 12 кг — специализированный рацион для бережного и безопасного перевода щенков на твёрдую пищу» | источник: https://simbio.ru/mdzh/dlya-zdorovya-malysha-star-te-ry-2/ | дата факта на странице: 06.08.2026 | вариант скрипта: «Увидели, что в августе 2026 вы опубликовали в разделе «События в мире СИМБИО» материал «Для здоровья малыша — стартеры».»",верхняя граница среднего бизнеса: на странице контактов больше 100 сотрудников
Мария,Титкова,Директор по продажам,titkova@tokomelit.ru,+7 (499) 270-01-28,ООО «Током-Элит»,,Током-Элит,https://tokomelit.ru,А,в,да,директор по продажам,продажи,https://tokomelit.ru/kontakty/,страница без даты,,Директор по продажам — именной,https://tokomelit.ru/kontakty/,именной (у ЛПР),"синтаксис: да · MX: да · опубликован на сайте: да · живость ящика: не проверялась, перед запуском — валидатор",2026-10-04,Оптовая дистрибуция,"Оптовая дистрибуция: пищевые ингредиенты — дистрибьютор заквасочных культур, ферментов и ингредиентов для молочной и кондитерской промышленности",«Сегодня с московского склада «Током-Элит» осуществляются ежедневные поставки заквасочных культур и ферментов по всей территории Российской Федерации и Казахстана» — https://tokomelit.ru/,события нет,B,Москва,Москва и МО,МСК,"Увидели, что 9–10 сентября 2026 вы провели на Алтае семинар-практикум по производству молочных продуктов с ингредиентами вашей новой линейки Lactoferm Premium.",https://tokomelit.ru/press-tsentr/novosti/prakticheskiy-seminar-kompanii-tokom-elit-na-altae/,"Предполагаем, что продажи держатся на постоянной базе, а искать новые компании менеджерам некогда.",OK,"вычитка: факт скрипта, поправлена формулировка — скрипт не назвал ни дату, ни тему семинара и вставил описание компании; источник — страница самой новости, а не лента. Директору по продажам это клиентское мероприятие под новую линейку | основание: «9-10 сентября 2026 года в селе Алтайское Алтайского края состоялся семинар-практикум «Технологические решения для производства молочных продуктов с применением ингредиентов Lactoferm Premium», организованный компанией «Током-Элит».» … «Для производства сыров использовались ингредиенты из новой линейки «Током-Элит» – закваски и ферменты Lactoferm Premium.» | источник: https://tokomelit.ru/press-tsentr/novosti/prakticheskiy-seminar-kompanii-tokom-elit-na-altae/ | дата факта на странице: 9–10.09.2026 | вариант скрипта: «Увидели, что вы, дистрибьютор заквасочных культур и ферментов для пищевого производства, провели практический семинар на Алтае.»",
Мэлине,Мурадян,Руководитель отдела продаж,m.muradyan@bmc-food.ru,+7 (495) 748-03-62,ООО «БиэМСи-Фуд ингредиентс» (BMC-Food),,BMC-Food,https://bmc-food.ru,А,в,да,руководитель отдела продаж,продажи,https://bmc-food.ru/,страница без даты,,Руководитель отдела продаж — именной,https://bmc-food.ru/,именной (у ЛПР),"синтаксис: да · MX: да · опубликован на сайте: да · живость ящика: не проверялась, перед запуском — валидатор",2026-10-04,Оптовая дистрибуция,"Оптовая дистрибуция: пищевые ингредиенты и добавки оптом для пищевых производств и БАД (дистрибьютор, склады в Домодедово и Черноголовке)","«Наши решения используют ведущие производители кондитерских, мясных, хлебопекарных и косметических продуктов в России и за рубежом» — https://bmc-food.ru/contact",события нет,B,Москва,Москва и МО,МСК,"Увидели на сайте, что для отделов закупок вы сделали отдельную страницу: прямые договоры с производителями в Китае, фиксированные цены и образцы до закупки партии.",https://bmc-food.ru/resheniya-dlya-otdela-snabzheniya-i-zakupok,"Предполагаем, что продажи держатся на постоянной базе, а искать новые компании менеджерам некогда.",OK,"вычитка: заменено вручную — скрипт перечислил позиции каталога (инкапсулированные кислоты); руководителю отдела продаж ближе то, как компания продаёт, — отдельное предложение для отделов закупок. Лента новостей сайта подгружается скриптом страницы и без браузера не читается | основание: «Прямые договоры с производителями в Китае» … «Фиксированные цены и объемы поставок» … «Образцы продукции до закупки партии» | источник: https://bmc-food.ru/resheniya-dlya-otdela-snabzheniya-i-zakupok | без даты: действующая страница сайта, в меню — «Отделу закупок» | вариант скрипта: «Увидели на сайте, что в вашем ассортименте есть инкапсулированные кислоты: лимонная, яблочная и фумаровая.»","сайт расходится в должности: «Руководитель отдела продаж» на главной и /contact, «Менеджер по продажам» на /stati — перед отправкой уточнить роль"
Константин,Смолин,Коммерческий директор,k.smolin@technopack.spb.ru,+7 (812) 318-38-90 (доб. 203),Технопак-Флекс (ООО «Технопак-Флекс»),Викторович,Технопак-Флекс,http://technopack.spb.ru,А,в,да,коммерческий директор,продажи,http://technopack.spb.ru/?page_id=17,страница без даты,,Коммерческий директор — именной,http://technopack.spb.ru/?page_id=17,именной (у ЛПР),"синтаксис: да · MX: да · опубликован на сайте: да · живость ящика: не проверялась, перед запуском — валидатор",2026-10-04,Упаковка,"Упаковка: производитель барьерных плёнок, вакуумных пакетов и гибкой упаковки с печатью","«К каждому клиенту прикрепляется менеджер, который осуществляет консультации и сопровождение сделки» (главная); на странице контактов отдел продаж разбит на Санкт-Петербург, Москву и регионы — http://technopack.spb.ru/",события нет,B,Санкт-Петербург,Санкт-Петербург,МСК,"Увидели на сайте, что вы выпускаете барьерные плёнки на двух производственных площадках, а среди партнёров называете десятки крупнейших производителей мясной, рыбной и молочной продукции.",http://technopack.spb.ru,"Предполагаем, что отдел продаж занят входящими заявками, а новых производственных покупателей системно никто не ищет.",OK,"вычитка: факт скрипта, поправлена формулировка — две производственные площадки оставлены, марка экструзионной линии заменена кругом заказчиков с той же главной страницы: коммерческому директору он ближе, чем оборудование | основание: «На двух производственных площадках установлено передовое оборудование» … «Нашими партнёрами являются десятки крупнейших производителей мясной, рыбной и молочной продукции.» | источник: http://technopack.spb.ru | без даты: дат на сайте нет | вариант скрипта: «Увидели, что вы производите барьерные плёнки на двух производственных площадках, где установлена экструзионная линия FILMEX II от Windmöller & Hölscher.»",
Александр,Бодров,Руководитель отдела продаж,alexander.bodrov@packovalli.ru,+7 (495) 150-89-50 (доб. 120),Packovalli (ООО «Эстроком»),,Packovalli,https://packovalli.com,А,в,да,руководитель отдела продаж,продажи,https://packovalli.com/contacts/,страница без даты,,Руководитель отдела продаж — именной,https://packovalli.com/contacts/,именной (у ЛПР),"синтаксис: да · MX: да · опубликован на сайте: да · живость ящика: не проверялась, перед запуском — валидатор",2026-10-04,Упаковка,"Упаковка: поставщик тары, флаконов и укупорочных средств производителям косметики, фармацевтики и бытовой химии","«Среди клиентов, как относительно небольшие предприятия, так и крупные заводы, работающие в различных сегментах - от бытовой косметики до продукции специального назначения» — https://packovalli.com/",события нет,B,Москва,Москва и МО,МСК,"Увидели на сайте, что вы отгружаете со склада от одной коробки, а бесплатные образцы отправляете в срок от одного дня.",https://packovalli.com/,"Предполагаем, что отдел продаж занят входящими заявками, а новых производственных покупателей системно никто не ищет.",OK,"вычитка: заменено вручную — у скрипта общая фраза из раздела «О компании»; новостей на сайте нет, раздел «Статьи» — пять справочных текстов без дат; для руководителя отдела продаж взяты конкретные условия продажи с главной; цифры о числе клиентов не взяты — на сайте они расходятся (350, 500 и 2000+) | основание: «Предоставим бесплатные образцы продукции в наличии со склада, в срок от 1 дня по всей России и странам СНГ.» … «Если вы приобретаете продукцию в наличии со склада, отгружаем от одной коробки.» | источник: https://packovalli.com/ | без даты: действующие условия на главной странице (датированных материалов на сайте нет) | вариант скрипта: «Увидели, что ваша компания «Эстроком» создала проект «Паковалли» для специализированной поставки крышек-помп на российский рынок косметики и бытовой химии.»",почта на домене packovalli.ru: на нём все адреса сотрудников на сайте packovalli.com
Николай,Миллер,Директор по продажам,miller@enix.ru,+7 (495) 155-68-45,"Еникс (ООО «ЕНИКС», Enix.ru)",,Еникс,https://enix.ru,А,в,да,директор по продажам,продажи,https://enix.ru/o-kompanii,2025-12,,Директор по продажам — именной,https://enix.ru/o-kompanii,именной (у ЛПР),"синтаксис: да · MX: да · опубликован на сайте: да · живость ящика: не проверялась, перед запуском — валидатор",2026-10-04,Стройматериалы,"Стройматериалы: стройматериалы оптом — комплектация плоской кровли, фасадных систем, строительных швов и монолитных работ","«Мы занимаемся оптовыми поставками материалов и оборудования для строительства и промышленности, как внутри страны, так и на экспорт» — https://enix.ru/o-kompanii",события нет,B,Наро-Фоминск,Москва и МО,МСК,"Увидели на сайте, что вы поставляли материалы для строительства АЭС «Аккую» в Турции и «Кунданкулам» в Индии, а среди клиентов называете «Мангазею» и Renaissance Heavy Industries.",https://enix.ru/o-kompanii,"Предполагаем, что продажи идут через дилеров и постоянную базу, а новым подрядчикам никто не пишет.",OK,"вычитка: заменено вручную — скрипт взял общую фразу «занимаемся оптовыми поставками материалов и оборудования»; директору по продажам ближе названные на той же странице объекты и заказчики | основание: «многие известные строительные организации доверили нам поставки материала, в том числе “Boes Construction”, “Мангазея”, “Angel East Rus”, “Renaissance Heavy Industries”» … «для строительства АЭС «Акку́ю» (Турция), АЭС “Кунданкулам” (Индия)» | источник: https://enix.ru/o-kompanii | без даты: год поставок на странице не назван | вариант скрипта: «Увидели на сайте, что вы занимаетесь оптовыми поставками материалов и оборудования для строительства и промышленности, в том числе на экспорт.»",офис продаж — в Москве · для предложений поставщиков сайт указывает отдельный общий ящик
Олег,Ковалев,Директор по развитию направления промышленных материалов и КС,kovalevOV@kvil.ru,+7 (4722) 400-049 (доб. 225),Завод «Краски КВИЛ» (ООО «Завод Краски КВИЛ»),Владимирович,Краски КВИЛ,https://kvil.ru,А,в,да,директор по развитию,развитие,https://kvil.ru/contacts/,страница без даты,,Директор по развитию направления промышленных материалов и КС — именной,https://kvil.ru/contacts/,именной (у ЛПР),"синтаксис: да · MX: да · опубликован на сайте: да · живость ящика: не проверялась, перед запуском — валидатор",2026-10-04,Стройматериалы,"Стройматериалы: лакокрасочные материалы — производитель декоративных и индустриальных ЛКМ, колеровочные системы","«Благодаря разветвленной сбытовой сети выпускаемые торговые марки — широко представлены в оптовой и розничной сетях России»; в контактах — отдел продаж индустриальных материалов, отдел региональных продаж и отдел прямых продаж — https://kvil.ru/",расширение,B,Белгород,регионы,МСК,"Увидели, что в июле 2026 вы начали отгрузки с новой площадки в промпарке «Сенькино» в Новой Москве, где колеруете всю линейку КВИЛ.",https://kvil.ru/info/news/start-otgruzok-senkino/,"Предполагаем, что продажи идут через дилеров и постоянную базу, а новым подрядчикам никто не пишет.",OK,"вычитка: факт скрипта, поправлена формулировка — факт скрипта; добавлены место и колеровка всей линейки — получатель отвечает за промышленные материалы и колеровочные системы | основание: «29 июля 2026» … «объявляет о старте отгрузок с новой производственной площадки на территории промышленного парка ""Сенькино"" в Новой Москве!» … «организована автоматизированная система производства и колеровки всей линейки КВИЛ» | источник: https://kvil.ru/info/news/start-otgruzok-senkino/ | дата факта на странице: 29.07.2026 | вариант скрипта: «Увидели на сайте, что вы в июле 2026 года начали отгрузки с новой производственной площадки.»","руководит развитием и продажами одного направления, не всей компании"
Андрей,Дедов,Руководитель отдела «Дорожно-строительной техники» (коммерческий отдел),dedov@tt45.ru,8 (3522) 634-063,НПФ «ТехноТранс» (ООО НПФ «Технотранс»),Михайлович,ТехноТранс,https://технотранс.рф,А,в,да,руководитель отдела,продажи,https://xn--80ajybdmjbd1a.xn--p1ai/managment,страница без даты,,Руководитель отдела «Дорожно-строительной техники» (коммерческий отдел) — именной,https://xn--80ajybdmjbd1a.xn--p1ai/managment,именной (у ЛПР),"синтаксис: да · MX: да · опубликован на сайте: да · живость ящика: не проверялась, перед запуском — валидатор",2026-10-04,Коммерческая техника,"Коммерческая техника: коммерческая и специальная техника — производитель и дилер дорожно-строительной, сельскохозяйственной, лесной и складской техники","Мета-описание главной страницы: «ООО НПФ Технотранс Курган — Официальный дилер заводов. Производитель и крупнейший поставщик спецтехники! Сервис, ремонт, запчасти к спецтехнике, обучение» — https://xn--80ajybdmjbd1a.xn--p1ai/",расширение,A,Курган,регионы,МСК+2,"Увидели, что в июле 2026 вы запустили практические инструктажи для операторов и механиков спецтехники — 17 программ, с выездом на площадку заказчика.",https://xn--80ajybdmjbd1a.xn--p1ai/news/tehnotrans-otkryl-napravlenie-prakticheskoy-podgotovki-operatorov-i-mehanikov-spectehniki,"Предполагаем, что покупатели идут с площадок объявлений, а автопаркам и перевозчикам напрямую никто не пишет.",OK,"вычитка: факт скрипта, поправлена формулировка — факт скрипта; добавлены дата и выезд инструктора к заказчику; это самая свежая новость ленты, следующая по свежести — «Технотранс» на СТТ EXPO 2026 от 29.05.2026 (там переговоры вёл генеральный директор, а не получатель) | основание: «13 июл 2026» … «Мы запустили практические инструктажи по спецтехнике:» … «17 программ» … «по экскаваторам, погрузчикам, самосвалам, бульдозерам, тракторам, вездеходам и лесной технике» … «инструктор выезжает на площадку предприятия в любой регион России либо занятия проходят на нашей базе в Кургане» | источник: https://xn--80ajybdmjbd1a.xn--p1ai/news/tehnotrans-otkryl-napravlenie-prakticheskoy-podgotovki-operatorov-i-mehanikov-spectehniki | дата факта на странице: 13.07.2026 | вариант скрипта: «Увидели на сайте, что вы открыли направление практической подготовки операторов и механиков спецтехники с 17 программами инструктажей.»","руководитель одного из продуктовых отделов продаж, не всего коммерческого блока; почта на домене tt45.ru, его печатает сам сайт"
Константин,Лапшов,Руководитель отдела продаж,lkf@severest.ru,8-800-775-33-00,"УралСпецТранс (ООО «Урал СТ», бренд SEVEREST)",Федорович,УралСпецТранс,https://severest.ru,А,в,да,руководитель отдела продаж,продажи,https://severest.ru/contacts/,страница без даты,,Руководитель отдела продаж — именной,https://severest.ru/contacts/,именной (у ЛПР),"синтаксис: да · MX: да · опубликован на сайте: да · живость ящика: не проверялась, перед запуском — валидатор",2026-10-04,Коммерческая техника,"Коммерческая техника: завод-производитель полуприцепов, цистерн, автофургонов и спецтехники","Мета-описание главной страницы: «Производство и продажа полуприцепов и цистерн, автомобилей с КМУ, автофургонов, а так же другой спецтехники различного назначения»; там же в тексте: «Более 60 000 клиентов — по всей территории России и СНГ» — https://severest.ru/",события нет,B,Миасс,регионы,МСК+2,"Увидели, что после приостановки субсидии МПТ с 1 октября 2026 вы предлагаете свою субсидию производителя — 220 000 рублей на всю прицепную технику до конца года.",https://severest.ru/news/subsidiya-mpt-priostanovlena-s-1-oktyabrya-2026-g,"Предполагаем, что покупатели идут с площадок объявлений, а автопаркам и перевозчикам напрямую никто не пишет.",OK,"вычитка: факт скрипта, поправлена формулировка — факт скрипта; у него вышло, будто 1 октября объявили субсидию, а на странице 1 октября — дата приостановки субсидии МПТ; добавлен срок предложения; руководителю отдела продаж это его текущая акция; запасной факт — анонс от 16.09.2026 «COMTRANS 2026 в Казани», завод показывает топливозаправщик на шасси KAMAZ К5 | основание: «01.10.2026» … «Субсидия МПТ приостановлена у большинства лизинговых компаний с 1 октября 2026 года.» … «Но у нас есть субсидия от производителя - 220 000 рублей, которая действует на всю прицепную технику нашего производства.» … «Воспользоваться предложением можно до конца 2026 года.» | источник: https://severest.ru/news/subsidiya-mpt-priostanovlena-s-1-oktyabrya-2026-g | дата факта на странице: 01.10.2026 | вариант скрипта: «Увидели, что 1 октября 2026 вы сообщили о субсидии от производителя 220 000 рублей на всю прицепную технику вашего производства.»",Миасс — Челябинская обл. · адрес из инициалов (lkf@); ссылка в той же карточке ведёт на второй адрес того же человека
Алексей,Шумилков,Коммерческий директор,a.shumilkov@gruz-pricepy.ru,8-800-302-9003,Грузовые Прицепы (ООО «Грузовые Прицепы»),,Грузовые Прицепы,https://gruz-pricepy.ru,А,в,да,коммерческий директор,продажи,https://gruz-pricepy.ru/kontakty/,страница без даты,,Коммерческий директор — именной,https://gruz-pricepy.ru/kontakty/,именной (у ЛПР),"синтаксис: да · MX: да · опубликован на сайте: да · живость ящика: не проверялась, перед запуском — валидатор",2026-10-04,Коммерческая техника,"Коммерческая техника: официальный дилер заводов-производителей полуприцепов (ТОНАР, STEELBEAR, BRAVER, Тверьстроймаш)","«Мы работаем как официальный дилер заводов-производителей, помогаем подобрать полуприцеп под груз, бюджет, лизинг и доставку» — https://gruz-pricepy.ru/",события нет,B,Нижний Новгород,регионы,МСК,"Увидели, что в мае 2026 вы побывали на COMvex и отметили, что на выставке стало меньше пафоса и больше фокуса на прямые контакты.",https://gruz-pricepy.ru/novosti/comvex-2026-vzglyad-iznutri-na-glavnuyu-vystavku-kommercheskogo-transporta.html,"Предполагаем, что покупатели идут с площадок объявлений, а автопаркам и перевозчикам напрямую никто не пишет.",OK,"вычитка: заменено вручную — у скрипта новинка завода-поставщика (BRAVER BC-3 от 16.03.2026) и ссылка не на ту страницу — на поздравление с Днём России, где новинка стоит только в блоке «Рекомендуемые новости»; взят более свежий материал от первого лица: компания сама была на выставке и написала о ней | основание: «С 26 по 29 мая в МВЦ «Крокус Экспо» проходит крупнейшая в России и Восточной Европе выставка коммерческого транспорта и технологий — COMvex. Мы побывали там и готовы поделиться главными впечатлениями!» … «Меньше пафоса, больше фокуса на деловую программу и прямые контакты.» | источник: https://gruz-pricepy.ru/novosti/comvex-2026-vzglyad-iznutri-na-glavnuyu-vystavku-kommercheskogo-transporta.html | дата факта на странице: 27.05.2026 (дата стоит в списке новостей https://gruz-pricepy.ru/novosti.html — «27.05.2026 21:45»; в самой статье названы дни выставки, 26–29 мая) | вариант скрипта: «Увидели, что вы, официальный дилер завода Braver, в марте 2026 года рассказали о новинке BRAVER BC-3 на дисковых осях SAF Короба.»",
Анна,Магрицкая,Коммерческий директор,anna@onsklad.ru,8 (495) 128-93-91,Компания Логистик Пак (ООО «Компания Логистик Пак»),,Логистик Пак,https://onsklad.ru,А,в,да,коммерческий директор,продажи,https://onsklad.ru/company/staff/,страница без даты,,Коммерческий директор — именной,https://onsklad.ru/company/staff/,именной (у ЛПР),"синтаксис: да · MX: да · опубликован на сайте: да · живость ящика: не проверялась, перед запуском — валидатор",2026-10-04,Логистика,"Логистика: складская логистика — ответственное хранение на складе класса B+, складская обработка, кросс-докинг, погрузочно-разгрузочные работы","«Мы организуем хранение грузов на складе для бизнеса и частных клиентов, обеспечивая безопасные условия размещения, прозрачный учёт и удобную логистику»; «Это особенно актуально для интернет-магазинов, дистрибьюторов и производственных компаний» — https://onsklad.ru/",события нет,B,Москва,Москва и МО,МСК,"Увидели на сайте, что вы предлагаете франшизу Logipak group: формат «под ключ» для инвесторов и «мягкий франчайзинг» для владельцев складов от 5 тыс. м².",https://onsklad.ru/company/franshiza/,"Предполагаем, что перед высоким сезоном нужны новые интернет-магазины, а менеджеры заняты текущими клиентами.",OK,"вычитка: заменено вручную — у скрипта техническая деталь склада (краны 8–35 тонн); новостей на сайте нет, раздел «Статьи» — справочные тексты без дат; коммерческому директору ближе экспансия — компания продаёт франшизу и ищет партнёров | основание: «Франшиза Logipak group: Откройте современный логистический бизнес» … «Logipak Group предлагает два масштабируемых формата для экспансии» … «Франшиза «Под ключ»» … «Мягкий франчайзинг» … «Инвесторы, девелоперы индустриальной недвижимости» … «Владельцы малых/средних складов (от 5 тыс. м²)» | источник: https://onsklad.ru/company/franshiza/ | без даты: страница текущая (в тексте прогноз рынка «на 2026 год») | вариант скрипта: «Увидели на сайте, что на вашем складе ответственного хранения в Москве есть краны от 8 до 35 тонн.»",адрес по имени (anna@)
Ольга,Муллаярова,Коммерческий директор,mullayarova@fresh-logic.ru,+7 495 668 09 34,RFL (reFresh Logic),,RFL,https://www.fresh-logic.ru,А,в,да,коммерческий директор,продажи,https://www.fresh-logic.ru/o-nas,страница без даты,,Коммерческий директор — именной,https://www.fresh-logic.ru/o-nas,именной (у ЛПР),"синтаксис: да · MX: да · опубликован на сайте: да · живость ящика: не проверялась, перед запуском — валидатор",2026-10-04,Логистика,"Логистика: 3PL и фулфилмент — ответственное хранение, складская логистика, фулфилмент интернет-магазинов, доставка",«Комплексные логистические услуги на всех этапах цепи поставок для B2B и B2C компаний» — https://www.fresh-logic.ru/,выставка,A,Томилино,Москва и МО,МСК,"Увидели, что на CeMAT RUSSIA вы объявили о партнёрстве с «Велостраной» и подписали договор о складском обслуживании на 2027 год.",https://www.fresh-logic.ru/novosti/rfl-i-velostrana-obyavili-o-strategicheskom-partnerstve-na-cemat-russia,"Предполагаем, что перед высоким сезоном нужны новые интернет-магазины, а менеджеры заняты текущими клиентами.",OK,"вычитка: заменено вручную — у скрипта партнёрство с форумом «Логист.ру/2026» — факт верный, но форум прошёл 1 октября, а на странице о нём написано в будущем времени; получателю ближе договор, который она подписала сама; ещё один вариант о ней же — 09.09.2026, участие в форуме «ПРО Склады» | основание: «RFL и «Велострана» объявили о стратегическом партнёрстве на CeMAT RUSSIA» … «Документ о комплексном складском обслуживании на 2027 год подписали коммерческий директор RFL Ольга Муллаярова и руководитель отдела оптовых продаж «Велостраны» [имя].» | источник: https://www.fresh-logic.ru/novosti/rfl-i-velostrana-obyavili-o-strategicheskom-partnerstve-na-cemat-russia | дата факта на странице: 18.09.2026 (дата новости в ленте https://www.fresh-logic.ru/novosti — «18 сентября 2026»; дни самой выставки на странице не названы, поэтому месяц в текст не вынесен) | вариант скрипта: «Увидели, что вы стали генеральным партнёром форума «Логист.ру/2026».»",
Александр,Покладов,Коммерческий директор,pokladov@ooo-polytec.ru,+7 (936) 666-86-93,ПОЛИТЭК (ООО «Политэк»),,Политэк,https://politec.su,А,в,да,коммерческий директор,продажи,https://politec.su/,страница без даты,,Коммерческий директор — именной,https://politec.su/,именной (у ЛПР),"синтаксис: да · MX: да · опубликован на сайте: да · живость ящика: не проверялась, перед запуском — валидатор",2026-10-04,Логистика ВЭД,"Логистика ВЭД: международная экспедиция — мультимодальные контейнерные перевозки, закупочная и таможенная логистика","«„Политэк“ — экспедиторская компания, работающая на рынке закупочной, транспортной и таможенной логистики с 2004 года»; на главной — кнопка «Оставить заявку» и раздел «Запрос ставки» — https://politec.su/",события нет,B,Москва,Москва и МО,МСК,"Увидели на сайте, что у вас собственный канал сборных грузов из Китая через Пограничный с еженедельной отправкой своих машин и свои сотрудники в КНР.",https://politec.su/,"Предполагаем, что грузы дают постоянные клиенты, а новым импортёрам и экспортёрам напрямую никто не пишет.",OK,"вычитка: заменено вручную — факт скрипта верный, но это перечень направлений общими словами; коммерческому директору ближе конкретное преимущество компании — собственный канал сборных грузов из Китая | основание: «собственный канал сборных грузов из Китая через Пограничный (Приморский край), еженедельно грузим свои авто.» … «собственные сотрудники в КНР» | источник: https://politec.su/ | без даты: дат на сайте нет (в подвале — «2001-2023») | вариант скрипта: «Увидели на сайте, что вы как экспедиторская компания выполняете мультимодальные перевозки из Европы, Северной и Южной Америки через Вьетнам и Турцию.»","почта на домене ooo-polytec.ru, его печатает сам сайт; телефон — общий номер из шапки сайта"
Михаил,Зимненко,Руководитель отдела продаж,m.zimnenko@optimalog.ru,+7 (800) 500-53-22 (доб. 1143),Optimalog (ООО «Оптима лог»),,Optimalog,https://optimalog.ru,А,в,да,руководитель отдела продаж,продажи,https://optimalog.ru/company/staff/,страница без даты,,Руководитель отдела продаж — именной,https://optimalog.ru/company/staff/,именной (у ЛПР),"синтаксис: да · MX: да · опубликован на сайте: да · живость ящика: не проверялась, перед запуском — валидатор",2026-10-04,Логистика ВЭД,"Логистика ВЭД: международная логистика — контейнерные, авиа- и автоперевозки, таможенное оформление",Мета-описание главной страницы: «Компания международных логистических услуг в Москве OPTIMALOG с опытом более 15 лет!»; на странице сотрудников — отдел продаж и отдел по развитию клиентов — https://optimalog.ru/,нанимают в продажи,A,Москва,Москва и МО,МСК,"Увидели на сайте, что вы ищете менеджера по продажам B2B: в задачах активная исходящая работа с лидами и переговоры на уровне ЛПР.",https://optimalog.ru/company/vacancy/,"Предполагаем, что новому сотруднику сразу понадобятся встречи.",OK,"вычитка: заменено вручную — у скрипта запись в блоге (ответы после вебинара от 22.09.2026), остальной блог — SEO-статьи; руководителю отдела продаж ближе открытая вакансия в его отдел, тем более что в ней прямо названа исходящая работа с лидами | основание: «Менеджер по продажам B2B (международная логистика, ВЭД)» … «Работать с входящим потоком и активная исходящая работа с лидами» … «Проводить переговоры на уровне ЛПР, участвовать во встречах с клиентами» | источник: https://optimalog.ru/company/vacancy/ | без даты: действующий список вакансий (рядом открыта вакансия «Менеджер по развитию клиентов (Международная логистика, ВЭД)») | вариант скрипта: «Увидели на сайте, что вы 22 сентября 2026 опубликовали в блоге ответы на вопросы участников вебинара Optimalog о маршрутах, тарифах, таможне и сертификации.»",
Алексей,Шамхан,Коммерческий директор,alexeysh.svx@cargomodul.ru,+7 (343) 287-28-82,КаргоМодуль,Михайлович,КаргоМодуль,https://cargomodul.ru,А,в,да,коммерческий директор,продажи,https://cargomodul.ru/management/,страница без даты,,Коммерческий директор — именной,https://cargomodul.ru/management/,именной (у ЛПР),"синтаксис: да · MX: да · опубликован на сайте: да · живость ящика: не проверялась, перед запуском — валидатор",2026-10-04,Логистика ВЭД,"Логистика ВЭД: международная логистика и таможенное оформление — перевозки, ВЭД-аутсорсинг, складские услуги",Мета-описание главной страницы: «Комплексные услуги по организации международных перевозок грузов любого типа - транспортно-логистическая компания КаргоМодуль»; на главной — кнопка «Заказать консультацию» — https://cargomodul.ru/,события нет,B,Екатеринбург,регионы,МСК+2,"Увидели на сайте, что вы доставили из Тяньцзиня в Челябинск воздухоразделительную установку — семь 40-футовых контейнеров и три трала с негабаритом.",https://cargomodul.ru/our-projects/13/,"Предполагаем, что грузы дают постоянные клиенты, а новым импортёрам и экспортёрам напрямую никто не пишет.",OK,"вычитка: заменено вручную — у скрипта отметка «Лучшее предприятие отрасли 2024» — старше 12 месяцев, и это рейтинг, а не событие; новостей на сайте нет; взят верхний проект раздела «Наши проекты» — конкретный кейс, который коммерческий директор сам показывает клиентам | основание: «Воздухоразделительная установка по получению жидкого кислорода в Уральском регионе» … «Тяньцзинь, Китай – Восточный – Челябинск, Россия - 7*40 фут. контейнеров» … «Тяньцзинь, Китай – Казахстан – Челябинск, Россия - 3 трала, 1 стандартная тентованная еврофура» … «доставка негабаритного груза» | источник: https://cargomodul.ru/our-projects/13/ | без даты: страница проекта даты не содержит (проект № 13, первый в списке на главной) | вариант скрипта: «Увидели на сайте, что в 2024 году ваша компания получила отметку «Лучшее предприятие отрасли».»",в адресе имя и первые буквы фамилии (alexeysh.svx@)
Богдан,Кудаев,Коммерческий директор,bogdan@unexspb.ru,+7 (812) 448-50-18,UNEX (Unex Перевозки и Логистика),,UNEX,https://unexspb.ru,А,в,да,коммерческий директор,продажи,https://unexspb.ru/,страница без даты,,Коммерческий директор — именной,https://unexspb.ru/,именной (у ЛПР),"синтаксис: да · MX: да · опубликован на сайте: да · живость ящика: не проверялась, перед запуском — валидатор",2026-10-04,Логистика ВЭД,"Логистика ВЭД: экспедиция и портовая логистика — авто-, ж/д и морские перевозки, портовое экспедирование, таможенная очистка, агентские услуги","«UNEX - Ваш надежный партнер для всех видов грузоперевозок, складского хранения и таможенного оформления»; «МЫ Готовы решить ВСЕ ВОПРОСЫ по ВЭД, сэкономить Ваше время и подобрать выгодные решения» — https://unexspb.ru/",события нет,B,Санкт-Петербург,Санкт-Петербург,МСК,"Увидели на сайте, что помимо перевозок вы предлагаете агентские услуги: через вашу турецкую компанию клиенты могут проводить платежи за товары и услуги.",https://unexspb.ru/agentskiye_uslugi,"Предполагаем, что грузы дают постоянные клиенты, а новым импортёрам и экспортёрам напрямую никто не пишет.",OK,"вычитка: факт скрипта, поправлена формулировка — факт скрипта; убрано «под вашим 100% контролем» — в холодном письме это звучит как намёк на обход ограничений, оставлена суть услуги; ссылка заменена с главной на страницу услуги (тот же абзац стоит и на главной); новостей и датированных материалов на сайте нет | основание: «Мы предлагаем помощь в осуществлении внешнеторговых операций через нашу турецкую компанию. Компания находится под нашим 100% контролем, через нее Вы можете осуществлять платежи за товары и услуги, а также принимать логистические решения практически по любым группам товаров.» | источник: https://unexspb.ru/agentskiye_uslugi | без даты: действующее описание услуги | вариант скрипта: «Увидели на сайте, что вы предлагаете проводить внешнеторговые операции через турецкую компанию, которая находится под вашим 100% контролем.»",адрес по имени (bogdan@)
Екатерина,Балуева,Коммерческий директор,balueva@fest-k.ru,+7 (4942) 49-32-06,ООО «Предприятие «ФЭСТ»,Юрьевна,ФЭСТ,https://festltd.ru,А,в,да,коммерческий директор,продажи,https://festltd.ru/contacts,страница без даты,,Коммерческий директор — именной,https://festltd.ru/contacts,именной (у ЛПР),"синтаксис: да · MX: да · опубликован на сайте: да · живость ящика: не проверялась, перед запуском — валидатор",2026-10-04,Медицинские изделия,Медицинские изделия: производитель аптечек первой помощи; отдельное направление — СИЗ,"«Официальный сайт ООО Предприятие ФЭСТ Производитель аптечек первой помощи ФЭСТ»; на странице контактов — «ОТДЕЛ СБЫТА», тендерный отдел и отдел сбыта в Москве — https://festltd.ru/",события нет,B,Кострома,регионы,МСК,"Увидели, что в июне 2026 вы стали спонсором Спартакиады КОМУС, продолжив многолетнее сотрудничество с одним из ваших крупнейших деловых партнёров.",https://festltd.ru/press-sluzhba/news_press/fest-podderzhal-spartakiadu-komus-2026,"Предполагаем, что заказы идут с тендеров и через дистрибьюторов, а новым покупателям напрямую никто не пишет.",OK,"вычитка: факт скрипта, поправлена формулировка — у скрипта «в июле 2026 года» — это дата публикации, спартакиада прошла 27–28 июня; добавлено, что «Комус» — один из крупнейших деловых партнёров: коммерческому директору в этом суть новости | основание: «24 июля 2026 года.» … «предприятие «ФЭСТ» поддержало в качестве спонсора Спартакиаду КОМУС 2026 — главное летнее спортивное событие одного из своих крупнейших деловых партнёров.» … «27 и 28 июня» … «спонсорство стало продолжением многолетнего сотрудничества с «Комусом»» | источник: https://festltd.ru/press-sluzhba/news_press/fest-podderzhal-spartakiadu-komus-2026 | дата факта на странице: 24.07.2026 (спартакиада 27–28.06.2026) | вариант скрипта: «Увидели, что в июле 2026 года вы поддержали в качестве спонсора Спартакиаду КОМУС 2026.»","почта на домене fest-k.ru, его печатает сам сайт; размер компании на сайте не назван, среди партнёров — федеральные сети"
Регина,Хабирова,Начальник отдела продаж,regina@medizdelie.ru,8 (843) 233-44-00,ООО «Медицинские изделия» (Казань),,Медицинские изделия,https://medizdelie.ru,А,в,да,начальник отдела продаж,продажи,https://medizdelie.ru/contacts/,страница без даты,,Начальник отдела продаж — именной,https://medizdelie.ru/contacts/,именной (у ЛПР),"синтаксис: да · MX: да · опубликован на сайте: да · живость ящика: не проверялась, перед запуском — валидатор",2026-10-04,Медицинские изделия,"Медицинские изделия: производитель одноразовых полимерных инструментов (гинекологические наборы, зеркала, зонды)","«Для получения подробной информации о реализуемых товарах, работах и услугах и их цене необходимо обращаться к менеджерам компании ООО «Медицинские изделия»»; на главной — участие в выставке «Здравоохранение-2025» и обращение «Уважаемые партнеры и коллеги!» — https://medizdelie.ru/contacts/",события нет,B,Казань,регионы,МСК,"Увидели на сайте, что вы звали партнёров на свой стенд №6С085 на международной выставке «Здравоохранение-2025» 8–11 декабря в Крокус Экспо.",https://medizdelie.ru/2025/11/25/%d0%b2%d1%8b%d1%81%d1%82%d0%b0%d0%b2%d0%ba%d0%b0-%d0%b7%d0%b4%d1%80%d0%b0%d0%b2%d0%be%d0%be%d1%85%d1%80%d0%b0%d0%bd%d0%b5%d0%bd%d0%b8%d0%b5-2025/,"Предполагаем, что заказы идут с тендеров и через дистрибьюторов, а новым покупателям напрямую никто не пишет.",OK,"вычитка: заменено вручную — скрипт ошибся в дате: 25/11/2025 в ленте стоит под записью о выставке «Здравоохранение-2025», а семинар «Репродуктивный потенциал России» датирован 27/08/2024; взята запись, к которой дата относится. Начальнику отдела продаж стенд на отраслевой выставке — точка продаж; новостей за 2026 год на сайте нет | основание: «Мы будем принимать участие в одном из ключевых событий года- на международной выставке «Здравоохранение-2025».» … «С 8 по 11 декабря в Крокус Экспо ждем Вас на нашем стенде №6С085.» … «25 ноября, 2025» | источник: https://medizdelie.ru/2025/11/25/%d0%b2%d1%8b%d1%81%d1%82%d0%b0%d0%b2%d0%ba%d0%b0-%d0%b7%d0%b4%d1%80%d0%b0%d0%b2%d0%be%d0%be%d1%85%d1%80%d0%b0%d0%bd%d0%b5%d0%bd%d0%b8%d0%b5-2025/ | дата факта на странице: 25.11.2025 (выставка 8–11.12.2025) | вариант скрипта: «Увидели на сайте, что вы в ноябре 2025 опубликовали новость о XVIII Общероссийском семинаре «Репродуктивный потенциал России: версии и контраверсии».»",адрес по имени (regina@); генеральный директор назван на той же странице без адреса
Леонид,Лебедев,Коммерческий директор,lebedev@dzmo.ru,+7 (831) 774-80-30,АО «ДЗМО» (Досчатинский завод медицинского оборудования),,ДЗМО,https://dzmo.ru,А,в,да,коммерческий директор,продажи,https://dzmo.ru/contacts/,страница без даты,,Коммерческий директор — именной,https://dzmo.ru/contacts/,именной (у ЛПР),"синтаксис: да · MX: да · опубликован на сайте: да · живость ящика: не проверялась, перед запуском — валидатор",2026-10-04,Медицинские изделия,Медицинские изделия: медицинское оборудование — производитель медицинской мебели и техники,"На странице контактов — региональные менеджеры: «Менеджер отдела продаж и отгрузки по Москве и Московской области, Уральскому ФО»; заголовок сайта — «Медицинская мебель от производителя» — https://dzmo.ru/contacts/",события нет,B,Выкса,регионы,МСК,"Увидели на сайте, что в марте 2026 вы отгрузили гинекологические кресла КГ-6 в новую клинику сети «Медси».",https://www.dzmo.ru/news/ao-dzmo-osnastilo-kliniku-seti-medsi/,"Предполагаем, что заказы идут с тендеров и через дистрибьюторов, а новым покупателям напрямую никто не пишет.",OK,"вычитка: факт скрипта, поправлена формулировка — скрипт не назвал год и написал общо «медицинским оборудованием»; по странице новости уточнено, что отгружено. Коммерческому директору это кейс с федеральной сетью; в ленте есть и регистрация кроватей в Беларуси от 14.04.2026 | основание: «АО «ДЗМО» оснастило клинику сети «Медси»» … «гинекологические кресла КГ-6 производства АО «ДЗМО» уже отгружены и готовы к эксплуатации в новой клинике сети «Медси»» | источник: https://www.dzmo.ru/news/ao-dzmo-osnastilo-kliniku-seti-medsi/ | дата факта на странице: 31.03.2026 (дата стоит в ленте https://www.dzmo.ru/news/ — раздел «2026», запись «31 марта»; на странице самой новости даты нет) | вариант скрипта: «Увидели на сайте, что в марте вы оснастили клинику сети «Медси» медицинским оборудованием ДЗМО.»",Выкса — Нижегородская обл. · добавочный номер ЛПР на сайте — 2-12; завод находится в р.п. Досчатое
Елена,Никулина,Коммерческий директор,nikulina@advamedics.ru,+7 (495) 744-34-79 (доб. 107),«Адвамедикс» (Advamedics),,Адвамедикс,https://advamedics.ru,А,в,да,коммерческий директор,продажи,https://advamedics.ru/company/staff/,страница без даты,,Коммерческий директор — именной,https://advamedics.ru/company/staff/,именной (у ЛПР),"синтаксис: да · MX: да · опубликован на сайте: да · живость ящика: не проверялась, перед запуском — валидатор",2026-10-04,Медицинские изделия,"Медицинские изделия: медицинские расходные материалы — эксклюзивный дистрибьютор Poly Medicure (анестезиология, реанимация, хирургия)","«Спешим сообщить, что для крупных оптовых компаний мы предлагаем взаимовыгодные условия сотрудничества и еще более выгодные ценовые предложения»; «Приглашаем к сотрудничеству московские и региональные компании» — https://advamedics.ru/",события нет,B,Москва,Москва и МО,МСК,"Увидели, что в апреле 2026 ваша делегация вместе с дистрибьюторами, победившими по итогам прошлого года, побывала на производстве Polymed в Индии.",https://advamedics.ru/company/news/poezdka_delegatsii_k_proizvoditelyu_v_indiyu/,"Предполагаем, что заказы идут с тендеров и через дистрибьюторов, а новым покупателям напрямую никто не пишет.",OK,"вычитка: заменено вручную — факт скрипта (03.06.2026, спинальные иглы в «антикризисном списке») — ценовая акция, её сниженные цены действовали до 1 сентября и уже истекли; коммерческому директору ближе работа с дистрибьюторской сетью — поездка победителей к производителю | основание: «10 апреля 2026» … «Завершилась поездка нашей большой делегации в Индию к производителю Polymed. Уже традиционно участие в этой поездке принимают представители компаний-дистрибьютеров, ставших победителями по итогам прошлого года.» … «лично осмотрели производство в Фаридабаде» | источник: https://advamedics.ru/company/news/poezdka_delegatsii_k_proizvoditelyu_v_indiyu/ | дата факта на странице: 10.04.2026 | вариант скрипта: «Увидели на сайте, что в июне 2026 вы добавили в антикризисный список новые позиции — спинальные иглы.»",
Наталья,Аполлонова,Руководитель отдела продаж,n.apollonova@adverti.ru,+7 495 739 90 80,ООО «Сувенирная компания» (бренд «Адверти»),,Адверти,https://adverti.ru,А,в,да,руководитель отдела продаж,продажи,https://adverti.ru/contacts.html,страница без даты,,Руководитель отдела продаж — именной,https://adverti.ru/contacts.html,именной (у ЛПР),"синтаксис: да · MX: да · опубликован на сайте: да · живость ящика: не проверялась, перед запуском — валидатор",2026-10-04,Полиграфия и сувениры,"Полиграфия и сувениры: сувенирная продукция с логотипом и корпоративные подарки оптом, нанесение",«Запас корпоративных подарков позволит вам в любой момент сделать презент клиенту или партнеру»; заголовок сайта — «изготовление подарков на заказ оптом в Москве» — https://adverti.ru/,события нет,B,Москва,Москва и МО,МСК,"Увидели, что 23 сентября вы провели ежегодный Клиентский день Adverti для клиентов и партнёров, оформленный в этом году в стиле «Зазеркалья».",https://www.adverti.ru/news/adverti-v-zazerkal-e-klientskij-den-adverti-2026.html,"Предполагаем, что заказы приносят постоянные клиенты и поиск, а новым компаниям напрямую никто не пишет.",OK,"вычитка: сверено со страницей-источником, оставлено как у скрипта — новость вышла 02.10.2026, год события на странице назван; руководителю отдела продаж клиентский день — событие его отдела | основание: «02.10.2026» … «23 сентября мы снова встретились с клиентами и партнёрами на ежегодном Клиентском дне Adverti.» … «В 2026 году гостей встречало «Зазеркалье».» | источник: https://www.adverti.ru/news/adverti-v-zazerkal-e-klientskij-den-adverti-2026.html | дата факта на странице: 23.09.2026 (новость опубликована 02.10.2026) | вариант скрипта: «Увидели, что 23 сентября вы провели ежегодный Клиентский день Adverti для клиентов и партнёров, оформленный в этом году в стиле «Зазеркалья».»","на сайте два руководителя отдела продаж, блок озаглавлен «Менеджеры отдела продаж»"
Андрей,Курятов,Руководитель отдела продаж,an@mdmprint.ru,+7 (495) 256-10-00 (доб. 102),ООО «МДМпринт»,,МДМпринт,https://mdmprint.ru,А,в,да,руководитель отдела продаж,продажи,https://mdmprint.ru/contacts/,страница без даты,,Руководитель отдела продаж — именной,https://mdmprint.ru/contacts/,именной (у ЛПР),"синтаксис: да · MX: да · опубликован на сайте: да · живость ящика: не проверялась, перед запуском — валидатор",2026-10-04,Полиграфия и сувениры,"Полиграфия и сувениры: типография — цифровая и широкоформатная печать, полиграфия для бизнеса и рекламы, сувенирная продукция",«Принимаем заказы на печать корпоративных календарей»; в команде на странице контактов — три руководителя отдела продаж и старшие менеджеры — https://mdmprint.ru/,выставка,A,Москва,Москва и МО,МСК,"Увидели на сайте, что в августе 2026 вы анонсировали свой стенд F21 на выставке IPSA 2026 в Крокус Экспо с сотнями образцов полиграфии и брендированной продукции.",https://mdmprint.ru/news/mdmprint-na-vystavke-ipsa-2026,"Предполагаем, что заказы приносят постоянные клиенты и поиск, а новым компаниям напрямую никто не пишет.",OK,"вычитка: факт скрипта, поправлена формулировка — у скрипта только заголовок («опубликовали новость «МДМпринт на выставке IPSA 2026!»»); вынесена суть — стенд F21 и что на нём показывают. На странице анонс, итогов выставки нет, поэтому «анонсировали». Источник — страница самой новости | основание: «МДМпринт на выставке IPSA 2026!» … «Что покажем на выставке IPSA-2026 в Крокус Экспо на стенде F21?» … «покажем на нашем стенде сотни образцов полиграфии и брендированной продукции» … «24.08.2026» | источник: https://mdmprint.ru/news/mdmprint-na-vystavke-ipsa-2026 | дата факта на странице: 24.08.2026 | вариант скрипта: «Увидели на сайте, что в августе 2026 вы опубликовали новость «МДМпринт на выставке IPSA 2026!».»",короткий адрес (an@); должность «Руководитель отдела продаж» на странице носят трое; в отзывах клиенты благодарят его за ведение заказов
Дмитрий,Кравченко,Директор,dima@sunprint.ru,+7 (495) 741-67-91,"Sunprint (типография, Москва)",,Sunprint,https://sunprint.ru,А,в,да,директор,первое лицо,https://sunprint.ru/contacts.html,страница без даты,,Директор — именной,https://sunprint.ru/contacts.html,именной (у ЛПР),"синтаксис: да · MX: да · опубликован на сайте: да · живость ящика: не проверялась, перед запуском — валидатор",2026-10-04,Полиграфия и сувениры,"Полиграфия и сувениры: типография и мерч — полиграфия, упаковка, сувенирная продукция с брендированием, шелкография",«брендирование · тиражи от 50 шт · полный цикл»; в штате на странице контактов — «Руководитель отдела продаж» — https://sunprint.ru/contacts.html,события нет,B,Москва,Москва и МО,МСК,"Увидели, что 30 марта 2026 года вы добавили на сайт новый раздел со стаканами для попкорна с логотипом тиражом от 50 штук.",https://sunprint.ru/news,"Предполагаем, что заказы приносят постоянные клиенты и поиск, а новым компаниям напрямую никто не пишет.",OK,"вычитка: сверено со страницей-источником, оставлено как у скрипта — последняя запись в новостях компании; записи блога свежее, но это справочные статьи. Директору — новая товарная ниша с тиражом от 50 штук | основание: «30 марта 2026 г.» … «Стаканы для попкорна с логотипом от 50 штук — новый раздел на сайте типографии Sunprint» … «Наше ключевое преимущество — тираж от 50 штук, что недоступно у других производителей на рынке.» | источник: https://sunprint.ru/news | дата факта на странице: 30.03.2026 | вариант скрипта: «Увидели, что 30 марта 2026 года вы добавили на сайт новый раздел со стаканами для попкорна с логотипом тиражом от 50 штук.»",адрес по имени (dima@); юрлицо на странице не названо
Илья,Имамназаров,Коммерческий директор,ilya@npt.ru,+7 (812) 335-18-30,"Типографский комплекс «Девиз» (ГК «Девиз»: ООО «Принт», ООО «Издательство «ДА»)",Анварович,Девиз,https://npt.ru,А,в,да,коммерческий директор,продажи,https://npt.ru/kontakty/rukovodstvo/,страница без даты,,Коммерческий директор — именной,https://npt.ru/kontakty/rukovodstvo/,именной (у ЛПР),"синтаксис: да · MX: да · опубликован на сайте: да · живость ящика: не проверялась, перед запуском — валидатор",2026-10-04,Полиграфия и сувениры,"Полиграфия и сувениры: типография — офсетная и листовая печать, полиграфия для бизнеса и издательств","«У нас вы можете заказать полиграфию для себя, для бизнеса или издательство»; в меню — раздел «Отдел продаж», «Скидки предоставляются постоянным клиентам, при печати большого тиража» — https://npt.ru/",события нет,B,Санкт-Петербург,Санкт-Петербург,МСК,"Увидели на сайте, что вы напечатали для «Уралхима» издание «Агрокнига» и в новости от 2 октября 2026 предлагаете такой формат продвижения другим предприятиям.",https://npt.ru/news/izdanie-agrokniga/,"Предполагаем, что заказы приносят постоянные клиенты и поиск, а новым компаниям напрямую никто не пишет.",OK,"вычитка: факт скрипта, поправлена формулировка — вместо «опубликовали новость о печатном издании» сказано, что сделано и зачем: заказ «Уралхима» и приглашение другим предприятиям; коммерческому директору это кейс и оффер в одной новости | основание: «02.10.2026» … «Прекрасная идея отдела маркетинга группы компаний «Уралхим» поделиться научными разработками с потребителями и широкие печатные возможности Издательско-полиграфического комплекса «Девиз» в совокупности дали отличный результат — печатное издание «Агрокнига».» … «Надеемся, что и другие предприятия воспользуются такой возможностью продвижения своих товаров и услуг. А мы с удовольствием напечатаем тиражи специализированных изданий.» | источник: https://npt.ru/news/izdanie-agrokniga/ | дата факта на странице: 02.10.2026 | вариант скрипта: «Увидели, что 2 октября вы опубликовали новость о печатном издании «Агрокнига», которое напечатали для группы компаний «Уралхим».»",адрес по имени (ilya@); на сайте 300+ сотрудников
Игорь,Сугнач,CEO и Основатель,dir@freshoffice.ru,,FreshOffice (ООО «Свежие решения»),,FreshOffice,https://www.freshoffice.ru,А,в,да,основатель,первое лицо,https://www.freshoffice.ru/contacts,страница без даты,,CEO и Основатель — ящик должности ЛПР,https://www.freshoffice.ru/contacts,ящик должности ЛПР,"синтаксис: да · MX: да · опубликован на сайте: да · живость ящика: не проверялась, перед запуском — валидатор",2026-10-04,B2B SaaS,B2B SaaS: CRM-система для отделов продаж,"«С нами вы получаете не просто программное обеспечение — вы получаете партнёра, который заинтересован в вашем успехе.» — https://www.freshoffice.ru/contacts",события нет,C,Санкт-Петербург,Санкт-Петербург,МСК,"Увидели, что в сентябре 2026 вы выпустили релиз FreshOffice: AI-агент «Инсайдер», Workflow, MCP и интеграция с Max.",https://www.freshoffice.ru/blog/version,"Предполагаем, что на демо записываются те, кто уже ищет решение, а до остальных продажи не дотягиваются.",OK,"вычитка: факт скрипта, поправлена формулировка — факт скрипта, для основателя продукта свежий релиз — лучший повод; правка косметическая: название агента в кавычках, состав релиза через двоеточие | основание: «25.09.2026» … «FreshOffice релиз 09.2026» … «AI Агент Инсайдер, Workflow, MCP, Интеграция с Max» | источник: https://www.freshoffice.ru/blog/version | дата факта на странице: 25.09.2026 | вариант скрипта: «Увидели, что в сентябре 2026 вы выпустили релиз FreshOffice с AI Агентом Инсайдер, Workflow, MCP и интеграцией с Max.»",ящик должности dir@ в карточке CEO
Дмитрий,Исаев,Исполнительный директор,askceo@stakhanovets.ru,+7 (499) 110-64-10,Стахановец,,Стахановец,https://stakhanovets.ru,А,в,да,исполнительный директор,первое лицо,https://stakhanovets.ru/o-kompanii/,страница без даты,,Исполнительный директор — ящик должности ЛПР,https://stakhanovets.ru/o-kompanii/,ящик должности ЛПР,"синтаксис: да · MX: да · опубликован на сайте: да · живость ящика: не проверялась, перед запуском — валидатор",2026-10-04,B2B SaaS,"B2B SaaS: B2B-ПО (вендор) — защита от утечек, учёт рабочего времени","«У нас более 20 000 клиентов в России, дружественных странах и по всему миру, а общее число установок комплекса Стахановец уже превысило 2 миллиона устройств.» — https://stakhanovets.ru/o-kompanii/",события нет,C,Москва,Москва и МО,МСК,"Увидели, что 1 июля 2026 вы объявили о получении сертификата ФСТЭК по четвёртому уровню доверия: «Стахановец» теперь можно ставить на объектах КИИ и в государственных информационных системах.",https://stakhanovets.ru/blog/stahanovecz-poluchil-sertifikat-fstek/,"Предполагаем, что на демо записываются те, кто уже ищет решение, а до остальных продажи не дотягиваются.",OK,"вычитка: заменено вручную — у скрипта запись от 30.09.2026 о коробочных версиях ФСТЭК — факт верный и свежий, но это следствие; главное событие года — сам сертификат, он открывает компании госсектор и КИИ, и комментирует его на странице сам получатель (Дмитрий Исаев); вариант скрипта годится как запасной: «Компания «Стахановец» рада сообщить о поступлении коробочных версий ФСТЭК» — https://stakhanovets.ru/blog/korobochnaya-versiya-fstek-bezopasnost-kotoruyu-mozhno-potrogat/ | основание: «Дата публикации: 01 июля 2026» … «Сертификат №5078 по четвертому уровню доверия подтверждает, что DLP-система «Стахановец» соответствует требованиям ФСТЭК России» … «Теперь «Стахановец» может использоваться на объектах с высокими требованиями к информационной безопасности, в том числе, ключевых государственных информационных системах и объектах критической информационной инфраструктуры.» | источник: https://stakhanovets.ru/blog/stahanovecz-poluchil-sertifikat-fstek/ | дата факта на странице: 01.07.2026 (дата публикации; дата выдачи сертификата на странице не названа) | вариант скрипта: «Увидели, что 30 сентября 2026 вы сообщили в блоге о поступлении коробочных версий ФСТЭК.»",ящик askceo@ — письмо может разбирать не сам руководитель
Дмитрий,Шилин,Директор,ceo@roccs.ru,+7 (383) 247 98 88,ROCCS (ООО «ИТЦ «РОККС»),,ROCCS,https://roccs.ru,А,в,да,директор,первое лицо,https://roccs.ru/contacts/,страница без даты,,Директор — ящик должности ЛПР,https://roccs.ru/contacts/,ящик должности ЛПР,"синтаксис: да · MX: да · опубликован на сайте: да · живость ящика: не проверялась, перед запуском — валидатор",2026-10-04,Интеграторы и автоматизация,"Интеграторы и автоматизация: телеком-интегратор — оборудование связи Eltex, проектирование и внедрение",«Интеграция комплексных IT-решений в инфраструктуру Заказчика — приоритетное направление развития компании!» — https://roccs.ru,расширение,B,Новосибирск,регионы,МСК+4,"Увидели, что 1 июля 2026 вы объявили о ребрендинге «Элтекс Солюшенс» в ИТЦ РОККС и новом векторе — системной интеграции мультивендорных решений российских производителей.",https://roccs.ru/news/rebrending-2026/,"Предполагаем, что проекты идут от вендора и из рейтингов, а напрямую заказчикам никто не пишет.",OK,"вычитка: факт скрипта, поправлена формулировка — факт скрипта; добавлено, зачем ребрендинг: директору важна не смена вывески, а новый вектор — от дилера Eltex к мультивендорной интеграции; остальные новости ленты — анонсы оборудования Eltex, не о самой компании | основание: «Ребрендинг Элтекс Солюшенс в ИТЦ РОККС» … «1 июля 2026» … «Именно поэтому мы выбрали новый вектор развития – системная интеграция мультивендорных решений на основе разработок российских производителей» | источник: https://roccs.ru/news/rebrending-2026/ | дата факта на странице: 01.07.2026 | вариант скрипта: «Увидели, что 1 июля 2026 года вы объявили о ребрендинге компании «Элтекс Солюшенс» в ИТЦ РОККС.»",ящик должности ceo@ в карточке директора
Алексей,Малофеев,Генеральный директор,ceo@mavlad.ru,+7 (4742) 52-23-34,Mavlad,Владимирович,Mavlad,https://mavlad.ru,А,в,да,генеральный директор,первое лицо,https://mavlad.ru/informatsiya/staff/,страница без даты,,Генеральный директор — ящик должности ЛПР,https://mavlad.ru/informatsiya/staff/,ящик должности ЛПР,"синтаксис: да · MX: да · опубликован на сайте: да · живость ящика: не проверялась, перед запуском — валидатор",2026-10-04,Интеграторы и автоматизация,"Интеграторы и автоматизация: услуги 1С, обслуживание компьютеров организаций, веб-разработка","«Мы - команда профессиональных специалистов, осуществляющих реализацию IT-проектов любой сложности.» — https://mavlad.ru",расширение,B,Липецк,регионы,МСК,"Увидели, что в мае 2026 вы открыли офис в Москве, в БЦ «Липецк», и теперь можете обсуждать проекты по 1С в столице лично.",https://mavlad.ru/informatsiya/news/otkrytie_ofisa_v_bts_lipetsk_v_g_moskve/,"Предполагаем, что проекты идут от вендора и из рейтингов, а напрямую заказчикам никто не пишет.",OK,"вычитка: факт скрипта, поправлена формулировка — факт скрипта; у него «открыли офис…, чтобы обсуждать проекты» — цель на странице не названа, там «Можем обсудить проекты по 1С в Москве лично!»; это единственная новость 2026 года, предыдущая — 2023 года | основание: «Открытие офиса в БЦ Липецк в г. Москве» … «Можем обсудить проекты по 1С в Москве лично!» … «12 мая 2026» | источник: https://mavlad.ru/informatsiya/news/otkrytie_ofisa_v_bts_lipetsk_v_g_moskve/ | дата факта на странице: 12.05.2026 | вариант скрипта: «Увидели, что в мае 2026 вы открыли офис в БЦ Липецк в Москве, чтобы обсуждать проекты по 1С лично.»",ящик должности ceo@; небольшая компания (около 17 человек)
Дмитрий,Приходько,Директор,director@techwb.ru,+7 (3854)-30-27-43,ООО «Технологии Без Границ» (ТБГ),Анатольевич,Технологии Без Границ,https://techwb.ru,А,в,да,директор,первое лицо,https://techwb.ru/o-kompanii/,страница без даты,,Директор — ящик должности ЛПР,https://techwb.ru/o-kompanii/,ящик должности ЛПР,"синтаксис: да · MX: да · опубликован на сайте: да · живость ящика: не проверялась, перед запуском — валидатор",2026-10-04,Инжиниринг и промбезопасность,"Инжиниринг и промбезопасность: инжиниринг — проектирование и создание пищевых и перерабатывающих производств «под ключ», нестандартное оборудование, сервис","«Компания специализируется на разработке, реализации и полной сервисной поддержке современных высокотехнологичных производств»; на странице — блок «Коммерческий отдел» с кнопкой «Связаться с нами» — https://techwb.ru/o-kompanii/",события нет,C,Бийск,регионы,МСК+4,"Увидели на сайте, что вы единственный авторизованный партнёр JNBAN в России и поставляете вакуумные ленточные сушилки напрямую от производителя.",https://techwb.ru/%d0%b1%d0%b5%d0%b7-%d1%80%d1%83%d0%b1%d1%80%d0%b8%d0%ba%d0%b8/jnban-v-rossii/,"Предполагаем, что заказы идут с тендеров и по рекомендациям, а напрямую предприятиям никто не пишет.",OK,"вычитка: заменено вручную — скрипт взял одну строку из перечня областей, где «за 20 лет специалисты компании реализовали проекты» (переработка облепихи): без даты и без заказчика; директору ближе статус компании — эксклюзивное партнёрство с производителем сушилок | основание: «ООО «Технологии без границ» – единственный авторизованный партнер JNBAN в России. Мы поставляем промышленные вакуумные ленточные сушилки напрямую от производителя с полным сервисным сопровождением.» | источник: https://techwb.ru/%d0%b1%d0%b5%d0%b7-%d1%80%d1%83%d0%b1%d1%80%d0%b8%d0%ba%d0%b8/jnban-v-rossii/ | без даты: на странице даты нет (в её метаданных — публикация 14.05.2025); это действующий статус, а не событие | вариант скрипта: «Увидели на сайте, что вы реализовали проекты по комплексной переработке облепихи с получением масла сепарационным способом.»","Бийск — Алтайский край · ящик должности director@ в карточке директора; страница изменена 26.11.2024 (по карте сайта) — 22 месяца при пороге 24, перед отправкой перепроверить должность"
Анна,Чебыкина,Коммерческий директор,117@ncontrol.ru,+7 (343) 227-333-7 (доб. 117),НЕРАЗРУШАЮЩИЙ КОНТРОЛЬ,Александровна,Неразрушающий контроль,https://ncontrol.ru,А,в,да,коммерческий директор,продажи,https://ncontrol.ru/o_kompanii/sotrudniki,страница без даты,,Коммерческий директор — ящик должности ЛПР,https://ncontrol.ru/o_kompanii/sotrudniki,ящик должности ЛПР,"синтаксис: да · MX: да · опубликован на сайте: да · живость ящика: не проверялась, перед запуском — валидатор",2026-10-04,Промоборудование,"Промоборудование: неразрушающий контроль и техдиагностика — поставка оборудования, сервис, метрология, лаборатории НК",На странице сотрудников отдельный блок «Отдел продаж» с должностями «Руководитель отдела продаж» и «Руководитель клиентской группы» — https://ncontrol.ru/o_kompanii/sotrudniki,события нет,C,Екатеринбург,регионы,МСК+2,"Увидели на сайте, что с конца сентября 2026 вы приглашаете на демонстрацию переносного рентгеновского аппарата «ЭТНА-М» в Екатеринбурге или с выездом на объект заказчика.",https://ncontrol.ru/blog/novosti/priglasaem_na_demonstraciiu_perenosnogo_rentgenovskogo_apparata_etna_m,"Предполагаем, что сделки длинные и зависят от числа начатых разговоров, а новых заказчиков системно не ищут.",OK,"вычитка: факт скрипта, поправлена формулировка — у скрипта «пригласили специалистов» — слова «специалистов» на странице нет; добавлено, где проходит демонстрация (в Екатеринбурге или у заказчика): коммерческому директору это способ продажи. Источник — страница самой новости; бренд для письма записан строчными буквами — «Неразрушающий контроль», так компания пишет себя на этой же странице (в базе он набран прописными: 5 слов строгим счётом при контракте цепочки 3, письмо 3 выходило за 120 слов) | основание: «28 сентября 2026» … «Группа компаний «Неразрушающий контроль» приглашает на демонстрацию переносного рентгеновского аппарата «ЭТНА-М» в г. Екатеринбург или с выездом на ваш объект.» | источник: https://ncontrol.ru/blog/novosti/priglasaem_na_demonstraciiu_perenosnogo_rentgenovskogo_apparata_etna_m | дата факта на странице: 28.09.2026 | вариант скрипта: «Увидели на сайте, что в сентябре 2026 вы пригласили специалистов на демонстрацию переносного рентгеновского аппарата «ЭТНА-М».»",адрес по внутреннему номеру (117@) в карточке коммерческого директора
Игорь,Волков,Коммерческий директор,102@prokompressor.ru,8 (800) 551-77-32,ООО «Компрессор Центр»,,Компрессор Центр,https://prokompressor.ru,А,в,да,коммерческий директор,продажи,https://prokompressor.ru/company/staff/,страница без даты,,Коммерческий директор — ящик должности ЛПР,https://prokompressor.ru/company/staff/,ящик должности ЛПР,"синтаксис: да · MX: да · опубликован на сайте: да · живость ящика: не проверялась, перед запуском — валидатор",2026-10-04,Промоборудование,"Промоборудование: компрессорное оборудование — подбор, поставка и сервис промышленных компрессоров, проекты «под ключ»",«Более 6000 клиентов по всей России и СНГ доверили нам свои задачи по организации систем сжатого воздуха.» — https://prokompressor.ru/company/,события нет,C,Барнаул,регионы,МСК+4,"Увидели на сайте, что вам доверили системы сжатого воздуха более 6000 клиентов по России и СНГ и 90% из них обращаются снова.",https://prokompressor.ru/company/,"Предполагаем, что сделки длинные и зависят от числа начатых разговоров, а новых заказчиков системно не ищут.",OK,"вычитка: заменено вручную — у скрипта статья из блога от 25.12.2025 (раздел «Статьи» — справочные тексты); раздел новостей сайта закрыт в его robots.txt (Disallow: /company/news/), поэтому факты оттуда не берутся; взяты действующие цифры со страницы «О компании»: они про клиентов, а это ближе коммерческому директору | основание: «Более 6000 клиентов по всей России и СНГ доверили нам свои задачи по организации систем сжатого воздуха.» … «90 % Клиентов обращаются к нам снова» | источник: https://prokompressor.ru/company/ | без даты: действующие цифры на странице «О компании» | вариант скрипта: «Увидели на сайте, что вы 25 декабря 2025 опубликовали в блоге статью «Безмасляные компрессоры: экологический выбор или компромисс?».»",адрес по внутреннему номеру (102@) в карточке коммерческого директора
Олег,Брагин,Коммерческий директор,komdir@ikmz.ru,+7 (3412) 56-96-18,ООО «Ижевский кузнечно-механический завод» (ИКМЗ),Иванович,ИКМЗ,https://ikmz.ru,А,в,да,коммерческий директор,продажи,https://ikmz.ru/contacts/,страница без даты,,Коммерческий директор — ящик должности ЛПР,https://ikmz.ru/contacts/,ящик должности ЛПР,"синтаксис: да · MX: да · опубликован на сайте: да · живость ящика: не проверялась, перед запуском — валидатор",2026-10-04,Промоборудование,"Промоборудование: металлообработка — поковки, литьё (сталь, чугун, бронза), запорная арматура и фланцы на заказ",«Поставляем продукцию по всей России и странам ближнего зарубежья» — https://ikmz.ru/,нанимают в продажи,A,Ижевск,регионы,МСК+1,"Увидели на сайте, что вы ищете менеджера по продажам — общаться с заказчиками и заключать договоры на продукцию завода.",https://ikmz.ru/o-nas/vakansii/,"Предполагаем, что новому сотруднику сразу понадобятся встречи.",OK,"вычитка: заменено вручную — у скрипта счётчик «3000+ тонн товара на складе» и перечень продукции — общие слова; новостей на сайте нет; коммерческому директору ближе набор в продажи; на главной есть ещё цифры «>250 обращений на производство в месяц» и «400+ постоянных клиентов» | основание: «Вакансии» … «Менеджер по продажам» … «Общение с заказчиками по телефону, заключение договоров на продажу продукции завода.» | источник: https://ikmz.ru/o-nas/vakansii/ | без даты: действующий список вакансий (в подвале сайта «© ООО «ИКМЗ» 2025») | вариант скрипта: «Увидели на сайте, что у вас на складе более 3000 тонн товара, а завод изготавливает и продаёт литьё, поковки и фланцы.»",ящик должности komdir@; в той же карточке напечатан и общий zavod@ (не взят)
Евгений,Фоменко,Коммерческий директор,kd@10-gpz.ru,+7 (863) 301-55-10 (доб. 770),10-ГПЗ (ООО «10-ГПЗ»),Игоревич,10-ГПЗ,https://10-gpz.ru,А,в,да,коммерческий директор,продажи,https://10-gpz.ru/kontakty/,страница без даты,,Коммерческий директор — ящик должности ЛПР,https://10-gpz.ru/kontakty/,ящик должности ЛПР,"синтаксис: да · MX: да · опубликован на сайте: да · живость ящика: не проверялась, перед запуском — валидатор",2026-10-04,Промдистрибуция,Промдистрибуция: подшипники (производство и опт),«Обратитесь в отдел продаж… формировать даже самые крупные оптовые партии» — https://10-gpz.ru/postavka_podshipnikov/,события нет,C,Ростов-на-Дону,регионы,МСК,"Увидели на сайте, что вы работаете с флагманами отечественного автопрома, поставляете подшипники на экспорт и держите складской резерв под крупные оптовые партии.",https://10-gpz.ru/postavka_podshipnikov/,"Предполагаем, что продажи держатся на постоянных клиентах, а искать новых снабженцев заводов менеджерам некогда.",OK,"вычитка: заменено вручную — у скрипта экскурсия для детей сотрудников; в ленте 2026 года только поздравления, эта экскурсия и ярмарка трудоустройства — коммерческому директору там зацепиться не за что; возвращён текст прошлой вычитки, цитаты сверены на странице заново | основание: «Наше предприятие работает с отечественными флагманами автомобилестроения и осуществляет экспортные промышленные поставки.» … «Мы располагаем обширным складским резервом, который позволяет формировать даже самые крупные оптовые партии в кратчайшие сроки.» | источник: https://10-gpz.ru/postavka_podshipnikov/ | без даты: действующие условия поставки (на странице «Дата изменения: 2024-01-09») | вариант скрипта: «Увидели на сайте, что вы в апреле 2026 опубликовали новость об экскурсии для детей сотрудников на предприятии 10-ГПЗ.»",ящик должности kd@; заводом управляет ФГУП «НАМИ» — приоритет ниже
Максим,Васильев,Руководитель ОП (отдела продаж),rop@eastfood.spb.ru,+7 (812) 975-05-06,EastFood (ООО «ИстФуд»),,EastFood,https://eastfood.spb.ru,А,в,да,руководитель ОП,продажи,https://eastfood.spb.ru/,страница без даты,,Руководитель ОП (отдела продаж) — ящик должности ЛПР,https://eastfood.spb.ru/,ящик должности ЛПР,"синтаксис: да · MX: да · опубликован на сайте: да · живость ящика: не проверялась, перед запуском — валидатор",2026-10-04,Оптовая дистрибуция,"Оптовая дистрибуция: HoReCa — оптовый поставщик продуктов питания для ресторанов и кафе (рыба, морепродукты, бакалея, соусы)",Заголовок сайта: «Поставщик продуктов питания для HoReCa ресторанов и кафе в Санкт-Петербурге»; в шапке — «Запрос расчета Оптовой цены» и раздел «Доставка для юридических лиц» — https://eastfood.spb.ru/,события нет,C,Санкт-Петербург,Санкт-Петербург,МСК,"Увидели на сайте, что в 2025 году вы расширили зону доставки до посёлка Териберка и ваш самый дальний маршрут теперь длиннее 1500 км.",https://eastfood.spb.ru/about-us/,"Предполагаем, что продажи держатся на постоянной базе, а искать новые компании менеджерам некогда.",OK,"вычитка: заменено вручную — скрипт вернул «нет данных»: ответ модели отклонён проверкой (в тексте стоял 2026 год, которого нет в источнике), а кандидат «Вся продукция имеет необходимые сертификаты» — общая фраза; взята последняя запись хронологии на странице «О компании». Руководителю отдела продаж расширение географии — про продажи | основание: «В 2025 году компания расширила зону присутствия, добавив в границы обслуживания посёлок Териберка. Несмотря на то что протяжённость самого дальнего маршрута теперь составляет более 1500 км, мы обеспечиваем доставку точно в срок.» | источник: https://eastfood.spb.ru/about-us/ | дата факта на странице: 2025 (последняя запись хронологии компании, без числа и месяца) | вариант скрипта: «нет данных»",ящик должности rop@ в карточке руководителя отдела продаж; на сайте должность напечатана сокращённо — «Руководитель ОП»
Виктор,Мешалкин,Директор,director@eda-36.ru,8 (4732) 090-777,"«Еда36» (поставщик HoReCa, Воронеж)",Владимирович,Еда36,https://eda-36.ru,А,в,да,директор,первое лицо,https://eda-36.ru/pages/contacts/,страница без даты,,Директор — ящик должности ЛПР,https://eda-36.ru/pages/contacts/,ящик должности ЛПР,"синтаксис: да · MX: да · опубликован на сайте: да · живость ящика: не проверялась, перед запуском — валидатор",2026-10-04,Оптовая дистрибуция,"Оптовая дистрибуция: HoReCa — оптовые поставки продуктов питания ресторанам и кафе (замороженное мясо, птица, рыба, морепродукты, сыры)",Заголовок сайта: «Еда36 — поставки продуктов питания для HoReCa в Воронеже»; на странице контактов — отдельные строки «Руководитель отдела продаж» и «Отдел закупок» — https://eda-36.ru/,события нет,C,Воронеж,регионы,МСК,"Увидели на сайте, что вы держите для HoReCa постоянный ассортимент свыше 3000 наименований, доставляете в день заказа и работаете по контрактам с госучреждениями.",https://eda-36.ru/pages/about/,"Предполагаем, что продажи держатся на постоянной базе, а искать новые компании менеджерам некогда.",OK,"вычитка: заменено вручную — скрипт взял справочную статью блога от 07.09.2026 («как сэкономить на оптовых закупках») — это текст для поисковиков, а не факт о компании; директору ближе цифры и условия работы самой компании. Запись о компании в ленте одна — приглашение поставщиков и фермеров от 15.01.2025, ей больше года | основание: «регулярный ассортимент, свыше 3000 наименований, что позволяет осуществлять доставку в день обращения» … «Контракты с госучреждениями» | источник: https://eda-36.ru/pages/about/ | без даты: действующая страница «О компании» | вариант скрипта: «Увидели, что в сентябре 2026 вы опубликовали статью о том, как сэкономить на оптовых закупках продуктов для HoReCa в Воронеже.»",ящик должности director@ в карточке директора; юрлицо по странице реквизитов — ООО «ЕДА36»
Алексей,Вижанский,Директор,dir@pzpi.ru,+7 800 234 72 44,ПЗПИ (ООО «ПЗПИ»),Самойлович,ПЗПИ,https://pzpi.ru,А,в,да,директор,первое лицо,https://pzpi.ru/company/staff/vizhanskiy-aleksey-samoylovich/,страница без даты,,Директор — ящик должности ЛПР,https://pzpi.ru/company/staff/vizhanskiy-aleksey-samoylovich/,ящик должности ЛПР,"синтаксис: да · MX: да · опубликован на сайте: да · живость ящика: не проверялась, перед запуском — валидатор",2026-10-04,Упаковка,"Упаковка: пластиковая тара и укупорка, контрактное производство","Отдельная линия «Отдел продаж», «Крупный опт ПНД, ПЭТ тары и укупорки», услуга контрактного производства — https://pzpi.ru/services/contract-production/",выставка,B,Воскресенск,Москва и МО,МСК,"Увидели, что 14–17 октября вы везёте на InterCHARM 2026 новинки упаковки для косметики — флаконы, банки, крышки и дозаторы, стенд 15А4.",https://pzpi.ru/company/news/intercharm_2026_14_17_oktyabrya_2026_stend_15a4/,"Предполагаем, что отдел продаж занят входящими заявками, а новых производственных покупателей системно никто не ищет.",OK,"вычитка: факт скрипта, поправлена формулировка — факт скрипта; добавлено, что именно везут на выставку, ссылка заменена со списка новостей на саму новость; формулировка та же, что в прошлой вычитке; после 17 октября «везёте» надо заменить на «показали» | основание: «InterCHARM 2026 ►14-17 октября 2026 ► стенд 15А4» … «30 сентября 2026» … «Пермский завод пластиковых изделий примет участие в главном событии индустрии красоты — InterCHARM 2026.» … «познакомиться с новинками упаковочных решений для косметической продукции: флаконами, банками, крышками, дозаторами и комплектующими» | источник: https://pzpi.ru/company/news/intercharm_2026_14_17_oktyabrya_2026_stend_15a4/ | дата факта на странице: 30.09.2026 (анонс; сама выставка 14–17.10.2026) | вариант скрипта: «Увидели, что вы объявили об участии в выставке InterCHARM 2026 14-17 октября со стендом 15А4.»","ящик должности dir@ в карточке директора · InterCHARM 14–17.10.2026: писать после выставки, после этой даты формулировку факта перевести в прошедшее время"
Татьяна,Красуцкая,Коммерческий директор,director@ooo-mim.ru,+7 (3452) 59-18-80 (доб. 114),ООО «МИМ» (Тюмень),Владимировна,МИМ,https://ooo-mim.ru,А,в,да,коммерческий директор,продажи,https://ooo-mim.ru/company/kontakty3,страница без даты,,Коммерческий директор — ящик должности ЛПР,https://ooo-mim.ru/company/kontakty3,ящик должности ЛПР,"синтаксис: да · MX: да · опубликован на сайте: да · живость ящика: не проверялась, перед запуском — валидатор",2026-10-04,Медицинские изделия,"Медицинские изделия: производитель медицинских изделий (цех полимерного литья, цех сборки и упаковки, цех газовой стерилизации)","«ООО ""МИМ"" Производство и реализация медицинской продукции»; на главной — участие в выставке «Здравоохранение-2025» — https://ooo-mim.ru/",события нет,C,Тюмень,регионы,МСК+2,"Увидели, что в апреле 2026 вы побывали на выставке медицинского оборудования CMEF в Китае, встретились с давними поставщиками и познакомились с новыми.",https://ooo-mim.ru/news/vystavka-cmef-2026/,"Предполагаем, что заказы идут с тендеров и через дистрибьюторов, а новым покупателям напрямую никто не пишет.",OK,"вычитка: факт скрипта, поправлена формулировка — у скрипта в третьем лице («представители завода «МИМ» посетили»); сказано от «вы» и добавлены новые поставщики. Это самое свежее событие о работе компании; благодарность за посещение стенда на «Здравоохранении-2025» (01.12.2025) ближе к сбыту, но старше | основание: «17.04.2026» … «Представители завода «МИМ» посетили ведущую мировую выставку медицинского оборудования CMEF, которая проводится ежегодно в Китае. Прошли встречи с поставщиками оборудования, с которыми мы сотрудничаем не первый год, а также состоялись знакомства с новыми фирмами» | источник: https://ooo-mim.ru/news/vystavka-cmef-2026/ | дата факта на странице: 17.04.2026 | вариант скрипта: «Увидели, что в апреле 2026 года представители завода «МИМ» посетили выставку медицинского оборудования CMEF в Китае и встретились с поставщиками.»",ящик должности director@ напечатан в карточке коммерческого директора (у генерального — CEO@); производство — в с. Мальково Тюменского района
Вячеслав,Ильин,Директор,direct@aybolit2000.ru,8 (831) 417-90-99,ООО Торговый Дом «Айболит» (ТД Айболит),Абрамович,ТД Айболит,https://aybolit2000.ru,А,в,да,директор,первое лицо,https://aybolit2000.ru/contacts/,страница без даты,,Директор — ящик должности ЛПР,https://aybolit2000.ru/contacts/,ящик должности ЛПР,"синтаксис: да · MX: да · опубликован на сайте: да · живость ящика: не проверялась, перед запуском — валидатор",2026-10-04,Медицинские изделия,Медицинские изделия: медицинская и лабораторная мебель и оборудование — производитель и поставщик для медучреждений,«Поставки в сфере здравоохранения осуществляются с 1999г.»; заголовок сайта — «производитель медицинской мебели и оборудования в Нижнем Новгороде»; на странице контактов — региональные представители — https://aybolit2000.ru/,выставка,B,Нижний Новгород,регионы,МСК,"Увидели, что в апреле 2026 вы участвовали в выставке «Здравоохранение Урала 2026» со своим стендом.",https://aybolit2000.ru/about/news/,"Предполагаем, что заказы идут с тендеров и через дистрибьюторов, а новым покупателям напрямую никто не пишет.",OK,"вычитка: сверено со страницей-источником, оставлено как у скрипта — последняя новость на сайте. С сентября 2025 года в ленте пять таких благодарностей за посещение стенда: выставки для компании — главный канал встреч с клиентами, директору это близко | основание: «20.04.2026» … «Благодарим вас за посещение нашего стенда на выставке Здравоохранение Урала 2026» | источник: https://aybolit2000.ru/about/news/ | дата факта на странице: 20.04.2026 (выставка 15–17.04.2026 в Екатеринбурге — по странице самой новости) | вариант скрипта: «Увидели, что в апреле 2026 вы участвовали в выставке «Здравоохранение Урала 2026» со своим стендом.»",ящик должности direct@ в карточке директора
